formula_pretty,mb_e_form,w_e_form,pred_from_wolverton
HfTeO3,1.52,-0.593,-0.7751300000000004
HgTeO3,1.06,-0.813,-0.7621700000000008
MgRuO3,1.7,-1.29,-1.2269500000000015
KCoO3,0.82,-1.001,-0.9802000000000006
TaFeO3,0.32,-0.862,-1.0910799999999987
VMoO3,0.66,-1.616,-1.6500600000000025
MoWO3,1.4,-1.019,-1.0528100000000007
SiBO3,1.9,-0.825,-0.8220800000000008
CdGaO3,1.72,-1.356,-1.310909999999998
TlReO3,0.42,-1.3969999999999998,-1.3767600000000006
GePdO3,1.04,-0.349,-0.35411000000000004
BiRhO3,1.3,-1.182,-1.0311800000000009
MgInO3,1.02,-1.187,-1.2356599999999995
LaVO3,0.88,-3.248,-3.219009999999997
FeBO3,2.24,-1.021,-1.0171100000000006
LaWO3,1.28,-2.569,-2.5261299999999975
NbCdO3,1.18,-1.867,-1.53761
KBaO3,1.26,-1.017,-1.0451099999999995
AgOsO3,1.1,-0.8009999999999999,-0.8201700000000004
TePbO3,1.18,-1.3530000000000002,-1.0960699999999985
LiRuO3,2.1,-1.495,-1.5024200000000008
ScTiO3,0.26,-2.894,-2.923460000000002
BiPtO3,1.36,-0.595,-0.6109999999999995
TiSbO3,0.54,-1.128,-1.2924200000000001
SrVO3,-0.26,-2.882,-2.8475900000000025
ScCuO3,1.18,-1.671,-1.6832300000000007
CaSnO3,0.16,-2.531,-2.3939900000000023
RbFeO3,3.44,-1.209,-1.2539800000000012
SrCdO3,0.92,-1.506,-1.5498399999999999
CuSbO3,1.14,-1.305,-1.1510800000000019
KInO3,2.2,-1.0759999999999998,-1.0320299999999978
TiNbO3,0.82,-2.023,-2.0605399999999987
ZnCrO3,0.48,-1.335,-1.4365999999999992
RuWO3,0.94,-0.985,-1.0318999999999998
TlGeO3,0.64,-1.304,-1.3318000000000005
ZrZnO3,0.86,-1.63,-1.6705499999999984
RbIrO3,3.66,-1.034,-1.0550900000000014
FeCoO3,0.9,-0.6509999999999999,-0.534890000000001
RePdO3,0.8,0.563,0.45796000000000026
ReHgO3,2.72,1.029,0.7038899999999991
ZnGaO3,0.96,-0.976,-1.0491399999999995
VBO3,0.82,-1.4780000000000002,-1.3548499999999992
LiAuO3,1.66,-0.203,-0.3124299999999997
CaTeO3,1.18,-2.037,-1.877830000000002
KRbO3,1.88,-1.044,-0.7447999999999989
CsCaO3,1.68,-1.155,-1.1815600000000013
BeRhO3,1.62,-0.191,-0.21177000000000004
KSbO3,2.32,-1.742,-1.6976499999999988
MgTaO3,0.8,-2.49,-2.5239200000000026
CaSbO3,0.38,-2.276,-2.2223800000000016
LaAgO3,1.38,-1.962,-1.960749999999998
KAsO3,0.56,-1.355,-1.338800000000001
CdAuO3,2.1,-0.5489999999999999,-0.37309999999999977
FeAsO3,1.08,-0.8420000000000001,-0.8661799999999993
KCrO3,1.32,-1.76,-1.7401199999999992
OsWO3,2.02,-0.429,-0.5243100000000002
BePtO3,1.84,0.062,0.02671999999999995
ScZnO3,1.12,-1.74,-1.8120700000000005
SbTeO3,0.98,-0.633,-0.5702300000000005
BeWO3,1.26,-1.28,-1.3762200000000007
VOsO3,1.58,-0.8740000000000001,-0.8683699999999996
ScTeO3,1.2,-1.235,-1.3220100000000001
CuHgO3,1.6,-0.195,-0.23321000000000025
HfCuO3,1.2,-1.456,-1.5287600000000006
LiTaO3,0.76,-2.95,-2.8980099999999975
NaZnO3,1.22,-0.71,-0.878809999999999
SiAsO3,1.0,-0.716,-0.6956500000000001
LaScO3,0.08,-3.789,-3.7295899999999955
TiHgO3,0.56,-1.975,-1.8071699999999975
VNiO3,0.72,-0.965,-0.9234200000000016
HfTiO3,0.84,-2.353,-2.394530000000001
PdRhO3,1.78,-0.1369999999999999,-0.13680999999999996
BeRuO3,1.4,-0.442,-0.44040999999999997
LaCrO3,-0.2,-3.168,-3.155240000000001
MnGeO3,0.32,-1.941,-1.8198300000000005
CoSiO3,0.84,-1.853,-1.7760300000000013
LaGaO3,-0.04,-2.935,-2.895110000000001
KSrO3,1.3,-1.018,-1.0389300000000001
YCdO3,1.04,-1.598,-1.5978800000000013
TaIrO3,1.0,-0.109,-0.14107000000000003
PdPtO3,1.8,0.123,0.09825999999999999
AgMoO3,0.4,-1.548,-1.5228400000000004
ZrGeO3,0.28,-1.5530000000000002,-1.6183099999999984
HfBiO3,0.46,-0.616,-0.88019
SrTlO3,0.88,-1.58,-1.788090000000002
NaTaO3,2.08,-2.932,-2.90111
BeGaO3,1.04,-0.6920000000000001,-0.7961399999999995
NbCuO3,0.28,-2.069,-1.5660099999999995
BeCrO3,1.28,-1.06,-1.220780000000001
SrBO3,0.96,-1.702,-1.8180399999999994
CaScO3,1.78,-3.059,-3.0439300000000014
IrAuO3,2.28,0.969,0.9291799999999992
NbTlO3,1.34,-1.642,-1.4527599999999987
HfWO3,1.0,-1.419,-1.422939999999999
HfVO3,0.62,-2.057,-2.224939999999997
RbLiO3,2.5,-0.271,-0.42884000000000033
CaPdO3,1.0,-1.714,-1.7990499999999985
LaRuO3,0.64,-2.396,-2.345609999999997
ScBeO3,1.98,-2.449,-2.496570000000003
TlGaO3,1.28,-1.454,-1.4057599999999986
SbRhO3,1.24,-0.6679999999999999,-0.6340699999999995
ZnRuO3,1.0,-0.768,-0.8183000000000002
CsPtO3,3.02,-0.7240000000000001,-0.7424599999999997
BTeO3,1.42,0.034,0.16233999999999998
AlReO3,1.24,-1.244,-1.2136799999999999
NiAgO3,1.5,-0.372,-0.35891
HgPbO3,1.2,-0.813,-0.8791600000000007
SbPtO3,1.42,-0.414,-0.3762400000000003
AlAuO3,1.28,-0.085,-0.16425000000000015
BiOsO3,1.06,-0.973,-0.9595599999999996
KPtO3,1.08,-0.847,-0.83807
CaBeO3,0.98,-2.059,-2.2087
InNiO3,1.14,-0.8540000000000001,-0.8173599999999998
CsRhO3,2.84,-0.944,-0.9659300000000011
NiWO3,1.58,-0.276,-0.7208300000000001
LaBiO3,0.66,-1.9,-1.8892000000000022
SnRhO3,1.22,-0.88,-0.7834799999999998
NbAlO3,0.62,-2.135,-2.0509799999999982
NaRuO3,2.58,-1.416,-1.4774399999999985
CaHfO3,1.2,-3.669,-3.4842799999999996
CaHgO3,1.74,-1.037,-1.2482400000000005
ZrReO3,1.0,-1.308,-1.296310000000002
CaBiO3,0.68,-2.094,-1.9468699999999977
SrAlO3,0.22,-2.87,-2.7475400000000025
SnPtO3,1.42,-0.644,-0.5547899999999992
NiBO3,1.44,-0.476,-0.5632899999999998
MnReO3,1.36,-1.65,-1.5841300000000016
BiMoO3,0.54,-1.471,-1.4893800000000015
YNbO3,0.38,-2.615,-2.625450000000003
KAgO3,1.56,-0.313,-0.3344199999999999
HfAgO3,0.72,-2.256,-2.0207300000000004
ScPbO3,1.6,-2.256,-1.9433199999999997
YZrO3,0.68,-2.982,-3.001860000000002
ZnOsO3,1.64,-0.7929999999999999,-0.8142700000000006
AlGeO3,1.2,-1.324,-1.347509999999999
SbPbO3,0.96,-1.3119999999999998,-1.1231999999999989
KRhO3,0.88,-1.03,-1.0335700000000003
HgGeO3,1.56,-1.168,-1.1983600000000019
TlAuO3,2.08,-0.4479999999999999,-0.4014000000000001
FeAuO3,1.68,0.152,0.09510999999999999
TiTeO3,0.8,-0.8370000000000001,-0.9869900000000016
AlGaO3,0.78,-1.246,-1.3585099999999992
MnZnO3,1.16,-0.867,-1.0843900000000009
CdIrO3,1.12,-1.004,-0.9540600000000006
NbSnO3,0.14,-1.961,-1.7789100000000022
CuTeO3,1.5,-0.951,-0.8623199999999991
RbZnO3,1.26,-0.625,-0.6801900000000001
ZnMoO3,1.04,-1.746,-1.7292100000000008
GeBiO3,0.58,-0.718,-0.6453900000000004
ZrSnO3,1.04,-2.367,-2.034629999999998
CdSiO3,0.46,-2.094,-2.037689999999998
ReAgO3,2.64,0.863,0.63781
OsPdO3,2.08,0.675,0.6297399999999993
MgBeO3,2.16,-1.631,-1.7836200000000002
BaCaO3,0.78,-2.1180000000000003,-2.0700399999999983
AlMoO3,1.08,-1.574,-1.5890800000000016
MnPdO3,1.1,-0.613,-0.7976399999999996
TaTiO3,0.64,-1.7080000000000002,-1.831129999999999
RbPdO3,1.26,-0.647,-0.6451699999999992
MoPdO3,1.46,0.039,-0.022109999999999946
GeAsO3,0.74,-0.938,-0.9154000000000011
YOsO3,2.14,-1.692,-1.6827400000000003
LiBeO3,2.54,-1.105,-1.4306100000000002
MgAlO3,0.54,-2.611,-2.463529999999997
VSnO3,0.12,-1.985,-1.713780000000002
NaSnO3,0.44,-1.56,-1.6476900000000012
NbFeO3,0.52,-1.065,-1.1018999999999988
RbTiO3,1.86,-2.375,-2.38896
TlInO3,1.38,-1.332,-1.201539999999998
KIrO3,1.92,-1.133,-1.11244
BeOsO3,1.5,-0.4529999999999999,-0.45367000000000035
TaRuO3,1.22,-0.406,-0.4143199999999997
BMoO3,1.34,-0.7709999999999999,-0.8415500000000001
SiTeO3,1.92,-0.499,-0.42685000000000023
YAuO3,1.56,-1.294,-1.2748999999999986
CrCuO3,1.34,-0.6629999999999999,-0.6604699999999987
CsCuO3,1.5,-0.291,-0.4871299999999995
CdFeO3,0.62,-1.283,-1.2773800000000004
NiPdO3,1.52,0.049,-0.0015299999999999875
NaLaO3,0.98,-2.306,-2.1911700000000023
SnAuO3,1.36,-0.361,-0.22379000000000027
KZrO3,0.12,-2.639,-2.608120000000002
TiCrO3,0.1,-2.647,-2.27085
MnBeO3,0.88,-1.4680000000000002,-1.7620799999999988
RbBeO3,1.5,-0.763,-0.8226500000000003
BeMoO3,0.86,-1.171,-1.2559900000000015
CsTiO3,0.4,-2.307,-2.3326999999999978
KMnO3,0.32,-1.465,-1.5316700000000012
HfTlO3,0.44,-2.226,-2.1009
SrGeO3,2.02,-2.434,-2.3252999999999995
TiSiO3,0.62,-2.231,-2.2192899999999964
CoGeO3,0.98,-1.14,-1.0947600000000006
CuSiO3,1.82,-1.607,-1.5871499999999998
CuAuO3,1.84,0.382,0.2583300000000002
LiPbO3,1.42,-0.818,-1.0720499999999986
NaSbO3,0.2,-1.832,-1.795259999999998
RbBiO3,0.58,-1.3019999999999998,-1.306890000000001
CsTeO3,0.58,-1.442,-1.3382199999999975
CrTeO3,1.04,-1.024,-0.942450000000001
MnBiO3,1.06,-1.5519999999999998,-1.4896900000000004
CsNaO3,1.8,-0.06,-0.25705999999999973
CdNiO3,1.58,-0.799,-0.8172200000000008
RePtO3,2.06,0.629,0.5736999999999994
NbIrO3,1.22,-0.359,-0.41861000000000054
AlOsO3,1.72,-0.857,-0.8422999999999995
ReBiO3,0.82,0.2769999999999999,0.08369000000000006
TlVO3,0.26,-1.754,-1.8134599999999992
SiWO3,1.3,-1.2990000000000002,-1.2241600000000021
BaGeO3,1.84,-2.299,-2.232860000000003
HfPdO3,0.94,-0.8809999999999999,-0.9404200000000003
MgPbO3,0.82,-1.047,-1.1424199999999989
TlNiO3,1.14,-0.862,-0.8423199999999995
BaPbO3,0.4,-1.947,-1.8355200000000014
ZrSbO3,1.16,-1.109,-1.2010699999999987
YRhO3,1.68,-1.848,-1.862310000000003
CsZrO3,3.12,-2.502,-2.492800000000002
KTiO3,1.72,-2.443,-2.4222000000000037
CaZnO3,0.88,-1.703,-1.7389400000000017
BPtO3,2.02,0.667,0.6728900000000005
AlInO3,0.46,-2.354,-1.8429900000000026
MgTlO3,1.52,-0.655,-1.2307900000000003
KHgO3,1.64,-0.302,-0.35657999999999973
ZrBeO3,0.58,-2.7060000000000004,-2.6318599999999974
CaCrO3,1.74,-2.611,-2.604199999999998
NaPdO3,1.3,-0.809,-0.8556699999999989
CrRuO3,0.94,-1.033,-1.0387000000000006
LaTlO3,0.98,-2.287,-2.356690000000002
GaRuO3,1.28,-0.923,-0.888190000000001
LiNbO3,-0.06,-2.704,-2.627590000000002
ZnRhO3,1.44,-0.519,-0.5370799999999994
ScRuO3,1.46,-1.5630000000000002,-1.5802799999999988
SrReO3,1.72,-2.232,-2.2036599999999997
HfAlO3,0.68,-2.658,-2.7489599999999967
SnBO3,1.04,-1.092,-0.933689999999999
AgGeO3,0.9,-1.053,-1.1226399999999988
SiPbO3,1.74,-0.367,-0.4799399999999998
CdInO3,1.38,-0.845,-0.9356499999999995
ZnPtO3,2.0,-0.273,-0.28410999999999986
AsIrO3,1.36,-0.244,-0.2444099999999999
RbCuO3,2.92,-0.4039999999999999,-0.44544999999999946
GeRhO3,1.04,-0.605,-0.5717999999999993
ZrPdO3,1.78,-1.022,-1.0215000000000005
TlMoO3,0.22,-1.74,-1.7049400000000012
NaBeO3,1.3,-1.096,-1.3257300000000012
TaCuO3,0.22,-2.181,-1.7015400000000003
SnOsO3,1.4,-0.976,-0.9505799999999992
NaPbO3,1.54,-1.065,-1.141779999999999
InAuO3,1.22,-0.268,-0.23957000000000028
BaTiO3,-0.26,-3.2880000000000003,-3.1615800000000034
ReWO3,1.62,-0.49,-0.6611100000000001
ReAsO3,1.44,0.099,-0.027929999999999944
VReO3,0.82,-1.253,-1.22798
BaCuO3,0.82,-1.4580000000000002,-1.5431699999999986
AlNiO3,1.08,-0.821,-0.8975099999999996
KPdO3,2.74,-0.6679999999999999,-0.6840499999999998
SnMoO3,0.86,-1.681,-1.6657100000000014
MnSnO3,0.34,-1.984,-1.8843200000000013
TaGaO3,0.76,-2.109,-1.7355499999999997
MgCdO3,1.52,-0.643,-1.0963700000000005
SbOsO3,1.54,-0.628,-0.6501500000000001
TaCrO3,0.86,-2.33,-2.1399800000000027
YTaO3,0.44,-2.696,-2.69213
NaBiO3,0.72,-1.4069999999999998,-1.4650499999999993
VPtO3,1.06,-0.467,-0.48766999999999977
MgZnO3,1.32,-1.062,-1.2226499999999987
LiYO3,1.16,-1.858,-1.918450000000002
BaReO3,2.78,-2.199,-2.1371300000000026
CsMoO3,2.82,-2.032,-1.9771800000000013
CsRbO3,1.6,0.1009999999999999,-0.05611000000000002
NbInO3,0.82,-1.781,-1.6571800000000028
MnSbO3,0.56,-1.301,-1.39348
RbSbO3,0.24,-1.659,-1.65719
SbMoO3,1.24,-1.2919999999999998,-1.3766300000000005
LiLaO3,0.8,-2.405,-2.2120500000000005
LaPdO3,1.66,-2.195,-2.1754599999999966
GaWO3,0.2,-1.84,-1.8622700000000012
ScTaO3,0.58,-2.5340000000000003,-2.586649999999998
BaTeO3,0.22,-2.056,-1.9724200000000025
SrInO3,0.44,-2.013,-2.043070000000002
TaSnO3,0.0,-0.628,-0.9802300000000002
CsPbO3,0.9,-0.951,-0.9845899999999987
LiZnO3,1.88,-0.625,-0.8708500000000001
CoReO3,1.78,-0.948,-1.0323099999999987
TlBO3,1.46,-0.679,-0.8114900000000005
VGeO3,0.64,-1.495,-1.4778700000000016
ZrBiO3,1.24,-0.845,-0.9165099999999994
BIrO3,2.56,0.308,0.3769100000000001
GeWO3,1.42,-1.54,-1.4812400000000008
YZnO3,0.84,-2.423,-2.4185200000000027
GePtO3,1.26,-0.365,-0.34134999999999976
TiAuO3,2.28,-0.278,-0.39317999999999964
TlOsO3,0.9,-0.979,-0.9632699999999994
InGaO3,1.2,-1.338,-1.2534299999999978
LaMgO3,0.34,-2.917,-2.8670299999999984
RbYO3,2.3,-2.107,-2.1098300000000014
CaSiO3,2.54,-3.0580000000000003,-2.801299999999998
NaVO3,0.1,-2.261,-2.232069999999999
SnPdO3,1.1,-0.6579999999999999,-0.6309500000000006
MgAuO3,1.64,-0.507,-0.4933099999999997
MnBO3,0.9,-1.274,-1.5691600000000003
MgScO3,0.9,-2.279,-2.287709999999998
HfAsO3,0.9,-1.005,-1.1028299999999993
BaCoO3,0.46,-1.842,-1.863840000000002
AlIrO3,1.54,-0.63,-0.6185600000000008
SiRhO3,1.76,-0.39,-0.3405500000000003
HfCoO3,0.9,-1.694,-1.6785899999999987
YPdO3,1.02,-1.714,-1.751419999999999
CdGeO3,0.42,-1.588,-1.5072799999999986
SiAgO3,2.28,0.21,0.10395000000000013
MgCrO3,0.26,-1.937,-1.9759300000000013
MgGaO3,0.72,-1.594,-1.5646499999999983
SiBiO3,0.86,-0.475,-0.4288700000000004
TaCdO3,1.1,-2.001,-1.8900200000000016
BeSnO3,1.04,-0.7959999999999999,-0.7824300000000002
GePbO3,0.98,-1.481,-1.2679299999999984
HgSbO3,1.38,-1.057,-1.0865800000000008
RbAuO3,1.5,-0.364,-0.38337999999999994
MoAuO3,1.76,0.418,0.2876499999999998
ScHgO3,2.0,-0.725,-0.8997699999999997
MnAuO3,1.4,-0.3229999999999999,-0.42991000000000007
ReTeO3,2.0,0.254,0.15906999999999974
CuBiO3,1.4,-0.999,-0.8655899999999996
YBeO3,0.72,-2.772,-2.7776399999999977
ZnFeO3,1.46,-0.97,-0.9968399999999994
CrPtO3,1.16,-0.512,-0.5049500000000002
OsAuO3,2.3,1.028,0.9479500000000007
RbZrO3,1.8,-2.593,-2.573779999999998
ZnIrO3,1.58,-0.536,-0.5240400000000003
CdReO3,0.54,-1.3430000000000002,-1.345230000000001
SiPtO3,2.0,-0.143,-0.09693999999999992
CoNiO3,1.24,-0.355,-0.3124600000000002
SrLiO3,1.12,-1.408,-1.3214000000000004
CrInO3,0.26,-0.883,-0.9463599999999991
SnBiO3,0.68,-1.046,-1.0034900000000015
LaInO3,0.2,-2.773,-2.68407
NiAsO3,1.04,-0.43,-0.5067499999999998
KHfO3,1.68,-2.7880000000000003,-2.769480000000003
CdRuO3,2.14,-1.152,-1.1016300000000008
YBiO3,0.88,-1.539,-1.490899999999999
CuReO3,2.1,-1.324,-1.2293399999999988
YSiO3,1.4,-2.643,-2.6549899999999997
BeCuO3,1.64,-0.098,-0.19695000000000001
BaAsO3,0.22,-2.06,-2.022260000000002
ScInO3,0.52,-2.677,-2.2700599999999986
TiReO3,0.92,-1.272,-1.3293100000000013
RbNaO3,2.2,-1.0490000000000002,-0.7521900000000008
CrAgO3,1.88,-0.1639999999999999,-0.21422000000000016
LiGaO3,1.76,-1.169,-1.3457499999999984
CsAgO3,1.66,-0.198,-0.36145000000000027
TiSnO3,1.24,-2.316,-2.0983000000000014
CrRhO3,0.94,-0.789,-0.7431200000000007
SrMgO3,0.6,-2.132,-2.1751500000000017
HfHgO3,1.64,-2.228,-1.7947299999999995
KBO3,1.46,-0.648,-0.6388500000000011
MnTeO3,0.78,-1.004,-1.0515000000000012
HfBO3,1.84,-1.859,-1.8056800000000013
RhWO3,0.8,-1.155,-1.122570000000001
CuPdO3,1.54,0.086,0.0027799999999999804
MgNbO3,0.78,-2.323,-2.330850000000001
BaSrO3,0.9,-1.869,-1.89391
ZrTeO3,0.72,-0.83,-0.8998899999999992
ZrTaO3,0.56,-2.14,-2.183439999999997
ZnInO3,1.26,-0.591,-0.70075
CrCoO3,0.92,-0.951,-0.9151599999999989
NaGaO3,2.06,-1.251,-1.2818600000000007
CrNiO3,0.8,-0.812,-0.801759999999999
RePbO3,1.64,-1.223,-0.8121799999999995
NbPtO3,0.9,-0.206,-0.30116999999999977
GaNiO3,1.26,-0.575,-0.5179700000000002
KAuO3,1.78,-0.444,-0.41537000000000013
TiBiO3,1.28,-2.182,-1.8946399999999974
CoMoO3,1.04,-1.666,-1.6311099999999983
SrSiO3,2.7,-2.989,-2.79323
NbRhO3,0.72,-0.531,-0.5975399999999996
ZrAuO3,1.72,-0.5329999999999999,-0.5532100000000004
MoAsO3,0.88,-0.3989999999999999,-0.4585700000000004
ScNiO3,1.42,-1.827,-1.851859999999999
GeTeO3,0.84,-0.732,-0.5799699999999997
TaTlO3,1.64,-2.274,-2.0033800000000004
TlIrO3,1.12,-0.8220000000000001,-0.7984700000000007
LaCoO3,1.76,-2.505,-2.4660199999999985
NaSrO3,1.28,-0.8690000000000001,-1.0205799999999994
BaCrO3,1.96,-2.461,-2.4611000000000027
InRuO3,0.88,-1.298,-1.1890900000000013
CsBaO3,1.26,-1.047,-1.0722399999999999
MnVO3,0.18,-2.33,-2.312710000000002
LaAsO3,1.68,-2.415,-2.382039999999999
ScMnO3,0.52,-2.257,-2.2692800000000024
NaAuO3,1.54,-0.578,-0.5722300000000009
AlRuO3,1.0,-0.871,-0.8614999999999998
NaBO3,1.3,-0.987,-1.1302399999999988
BaPtO3,0.78,-1.587,-1.5640600000000007
FeAgO3,1.06,-0.778,-0.7828800000000004
NaNbO3,1.24,-2.6860000000000004,-2.614130000000003
BeInO3,2.12,-0.243,-0.5207700000000001
ZrScO3,0.34,-2.585,-2.4996700000000023
BOsO3,2.26,-0.0289999999999999,-0.02641999999999994
YSnO3,0.88,-2.029,-2.0018099999999976
RbTaO3,-0.58,-2.824,-2.8153400000000035
LaBO3,2.64,-2.441,-2.4050000000000025
TaMoO3,0.56,-0.8740000000000001,-0.9533699999999999
TiPdO3,1.48,-0.68,-0.7309500000000003
KVO3,-0.14,-2.271,-2.2208899999999967
TaMnO3,0.06,-1.071,-1.2715599999999991
LiWO3,0.0,-2.351,-2.2544199999999996
CsYO3,1.62,-2.091,-2.095230000000002
SnSbO3,0.56,-1.382,-1.2812600000000018
AsOsO3,1.48,-0.414,-0.4047000000000005
BaSiO3,2.7,-2.68,-2.569880000000004
CsAsO3,0.84,-0.974,-1.0905700000000003
YGaO3,1.2,-2.946,-2.9235700000000024
CsSnO3,1.78,-1.378,-1.37415
YSbO3,1.08,-1.756,-1.7536300000000002
CrAsO3,0.92,-1.157,-1.1049699999999987
TaOsO3,1.18,-0.2239999999999999,-0.24380000000000016
InPbO3,0.68,-0.763,-0.9122000000000008
CuSnO3,1.06,-0.828,-0.897280000000001
ZrHgO3,0.62,-0.4039999999999999,-0.8211799999999984
TiBeO3,0.82,-2.121,-2.089450000000001
CaReO3,1.54,-2.248,-2.213339999999998
BaRhO3,0.6,-1.756,-1.7899499999999997
HfZrO3,0.48,-2.154,-2.2267799999999984
YWO3,0.78,-2.211,-2.1957800000000036
BaAgO3,1.04,-1.26,-1.2758600000000015
MnHgO3,0.68,-0.939,-1.111909999999998
TlRuO3,2.16,-0.96,-0.9561099999999995
HfMnO3,1.02,-1.819,-1.8928899999999975
RbOsO3,3.58,-1.359,-1.3699699999999988
CsSrO3,1.26,-1.055,-1.0946800000000023
TiGeO3,0.2,-1.551,-1.6060899999999996
VSiO3,0.56,-2.177,-2.098350000000001
SrCrO3,1.96,-2.5610000000000004,-2.547440000000003
ZnWO3,0.4,-1.731,-1.7775399999999977
RbMoO3,1.68,-2.143,-2.167580000000001
IrPdO3,1.64,0.627,0.5570600000000006
CuGeO3,1.22,-0.911,-0.9590700000000006
RbMnO3,2.46,-1.445,-1.4679199999999986
TaAlO3,0.76,-1.936,-1.973210000000002
SnIrO3,1.26,-0.815,-0.7481299999999996
SiPdO3,1.06,-0.132,-0.13661999999999982
NaInO3,1.78,-1.002,-1.0068899999999992
KCaO3,1.28,-1.156,-1.1749000000000018
MgNiO3,1.6,-1.102,-1.191890000000001
IrWO3,1.74,-0.6559999999999999,-0.7019999999999997
SrRuO3,0.5,-2.024,-1.9889000000000001
GeBO3,2.1,-0.847,-0.8206099999999996
AlBO3,1.22,-1.37,-1.3311700000000013
VIrO3,1.16,-0.674,-0.6583900000000001
TeAsO3,1.1,-0.523,-0.5934100000000009
NbRuO3,1.54,-0.644,-0.6569599999999994
KTaO3,1.48,-2.92,-2.880649999999999
CsHgO3,1.56,-0.2269999999999999,-0.33536
TiZnO3,1.06,-1.111,-1.2161200000000003
TlZnO3,1.28,-0.58,-0.6373699999999991
LiNiO3,2.04,-0.607,-0.8104699999999994
CrHgO3,1.38,-0.046,-0.13161999999999985
AgHgO3,1.96,0.409,0.1557300000000001
BaMnO3,-0.08,-2.269,-2.242170000000002
ScPtO3,1.36,-1.156,-1.2575600000000011
CdPbO3,1.2,-1.177,-1.122070000000002
BaZrO3,-0.28,-3.477,-3.352809999999999
SrTeO3,1.98,-2.018,-1.8881800000000006
HgRhO3,1.38,-0.628,-0.6047899999999999
LiBiO3,1.0,-1.445,-1.3537499999999978
HfRhO3,1.86,-1.055,-1.0255800000000008
MgBO3,1.06,-1.546,-1.5780800000000006
CaTaO3,0.16,-3.097,-3.0747099999999987
YRuO3,1.3,-1.904,-1.8883199999999982
PtAuO3,2.1,0.7659999999999999,0.7918800000000001
ReBO3,1.62,-0.225,-0.3523600000000004
RhAuO3,2.04,0.588,0.5795800000000004
BeCdO3,2.64,0.302,0.03548999999999985
NaMgO3,1.9,-1.127,-1.2889899999999985
ZrNbO3,0.64,-2.02,-2.066810000000001
TlSiO3,0.8,-1.833,-1.8699599999999987
SiHgO3,2.3,0.311,0.06663999999999999
ScRhO3,1.1,-1.465,-1.4915800000000017
KScO3,2.6,-2.18,-2.159930000000003
RuAuO3,1.54,0.605,0.6160499999999992
KPbO3,0.82,-1.041,-1.0602199999999984
HfCdO3,0.36,-2.549,-2.126500000000003
HfPtO3,1.64,-0.6709999999999999,-0.7241800000000004
BWO3,1.52,-0.908,-0.9470200000000005
ScAgO3,1.48,-1.822,-1.516070000000001
SbIrO3,1.74,-0.531,-0.5493499999999996
AgSbO3,1.34,-1.157,-1.1225499999999982
TlFeO3,0.76,-1.249,-1.2510899999999987
HgPtO3,1.52,-0.506,-0.47359000000000007
LiPdO3,1.4,-0.488,-0.7198699999999998
CdWO3,0.3,-1.682,-1.7239199999999986
CsIrO3,3.46,-1.021,-1.0304700000000004
CsKO3,1.86,0.099,-0.0867799999999999
AgIrO3,1.4,-0.591,-0.5739700000000003
AlZnO3,0.82,-0.72,-0.7805199999999992
RbCaO3,1.86,-1.158,-1.145270000000001
HgAsO3,1.04,-0.8320000000000001,-0.8989099999999993
BeIrO3,1.56,-0.1969999999999999,-0.17411999999999975
RbRhO3,3.1,-0.992,-0.9962000000000009
TlPbO3,1.16,-0.972,-1.0757599999999994
ScCoO3,0.76,-1.94,-1.9145999999999983
GaAuO3,1.36,-0.05,-0.04961999999999996
CoSbO3,0.7,-0.909,-0.9838600000000013
ScAuO3,1.44,-0.857,-0.9731999999999998
ZnCuO3,1.72,-0.352,-0.41485999999999956
ZnCdO3,1.76,-0.049,-0.17154999999999984
RbPtO3,3.28,-0.757,-0.7769800000000001
BaScO3,2.32,-3.043,-3.038620000000003
SrHfO3,1.42,-3.653,-3.5275100000000013
CsLiO3,2.1,-0.212,-0.21821999999999991
SrHgO3,1.8,-1.314,-1.4411099999999977
BaSbO3,1.88,-2.254,-2.20801
TaPtO3,0.66,0.037,-0.1982099999999999
TeRhO3,1.3,-0.408,-0.4519400000000004
LaYO3,0.26,-3.229,-3.3623999999999996
BaHgO3,0.96,-1.256,-1.31004
CaAuO3,1.26,-1.414,-1.3435900000000003
LaCdO3,0.78,-2.236,-2.187549999999998
AgTeO3,1.62,-0.835,-0.7915699999999994
CdOsO3,1.0,-1.086,-1.0734499999999998
ZrCrO3,0.18,-2.191,-2.1631600000000013
TaRhO3,0.48,-0.31,-0.42536000000000007
KCuO3,1.3,-0.509,-0.5160300000000002
MnCrO3,0.48,-1.739,-1.897190000000002
AlVO3,0.96,-2.799,-2.526880000000004
LiSbO3,0.44,-1.906,-1.7888300000000015
LiMgO3,1.52,-1.028,-1.2361300000000006
BeAlO3,1.56,-1.523,-1.5862399999999983
NaNiO3,1.5,-0.701,-0.8034899999999994
MnSiO3,1.02,-2.487,-2.3162799999999977
AlFeO3,1.34,-1.125,-1.09008
CrGaO3,0.32,-1.319,-1.2652300000000007
ZrSiO3,0.74,-2.0580000000000003,-2.1127899999999995
KTeO3,0.38,-1.482,-1.4573099999999994
AlPbO3,0.52,-1.959,-1.6636200000000017
LiSnO3,0.72,-1.6230000000000002,-1.5907
SbAsO3,0.78,-0.813,-0.7907000000000006
ScGaO3,1.08,-2.283,-2.193279999999997
VWO3,0.8,-1.676,-1.6917899999999986
ScAsO3,1.22,-1.591,-1.6847099999999993
LiInO3,1.18,-0.8809999999999999,-0.9473399999999996
NbMoO3,0.76,-1.169,-1.3057599999999991
RbNbO3,-0.36,-2.612,-2.539149999999998
SrGaO3,0.26,-2.215,-2.2044200000000016
ZnSnO3,0.9,-1.124,-1.1387199999999986
BiIrO3,1.04,-0.685,-0.7825600000000006
MnNbO3,0.22,-2.381,-2.31937
BeTlO3,2.62,0.294,0.007369999999999996
ScNbO3,0.62,-2.405,-2.4688200000000005
ZrWO3,1.26,-1.6369999999999998,-1.6086600000000004
NbCrO3,0.44,-2.265,-1.943729999999998
TePtO3,1.54,-0.152,-0.2668100000000002
AlSiO3,1.04,-1.991,-1.9715400000000038
NbGaO3,0.58,-1.916,-1.7180799999999994
MgVO3,0.02,-2.236,-2.169089999999998
NbOsO3,1.38,-0.491,-0.5598799999999996
BeFeO3,1.36,-0.705,-0.7562399999999991
SrScO3,0.34,-3.05,-3.131130000000003
SrSbO3,1.1,-2.268,-2.2566500000000005
CdMoO3,0.34,-1.6669999999999998,-1.6865700000000006
BaHfO3,1.58,-3.625,-3.533579999999999
BeSiO3,2.06,-1.794,-1.7955900000000014
AlWO3,1.1,-1.67,-1.6570899999999984
TeOsO3,1.78,-0.435,-0.5138500000000006
ReAuO3,2.1,0.911,0.7763500000000007
ReNiO3,0.88,0.087,0.07552999999999993
NbNiO3,1.14,-0.956,-0.9475400000000014
LiAsO3,1.38,-1.66,-1.6280799999999984
CdBiO3,1.22,-1.258,-1.2054399999999992
LiHgO3,1.88,-0.088,-0.43258000000000024
TaSiO3,1.26,-1.291,-1.4509799999999984
RbTeO3,0.44,-1.41,-1.4074699999999987
TeMoO3,1.22,-1.078,-1.2036200000000017
CsBiO3,0.68,-1.219,-1.1809999999999983
AgBO3,1.76,-0.35,-0.5510600000000005
TiCoO3,0.96,-1.3430000000000002,-1.3218700000000014
LiCoO3,2.12,-1.142,-1.1546499999999995
SrNiO3,0.64,-1.665,-1.702399999999999
CuPtO3,1.52,-0.034,-0.06587999999999997
KNbO3,-0.42,-2.697,-2.6013800000000002
YAgO3,1.44,-1.43,-1.4443200000000025
HfAuO3,1.0,-0.368,-0.4414200000000001
MgAsO3,1.4,-1.46,-1.3974099999999987
YIrO3,2.2,-1.644,-1.6347800000000021
TlAgO3,1.82,-0.482,-0.5243299999999995
KOsO3,2.0,-1.467,-1.44341
ZrFeO3,0.76,-1.766,-1.7437599999999998
AgSnO3,1.36,-1.126,-1.150840000000001
MnFeO3,0.64,-1.693,-1.6236000000000015
CuAgO3,1.84,-0.23,-0.12413000000000003
MnIrO3,1.48,-0.83,-0.812199999999999
SiRuO3,1.2,-0.598,-0.5682599999999995
LaIrO3,0.78,-2.255,-2.1945299999999985
CuRhO3,1.32,-0.302,-0.3382799999999998
TiAsO3,1.12,-1.12,-1.175870000000001
ZrIrO3,1.0,-0.972,-0.9534099999999991
TaGeO3,0.18,-0.758,-0.9939499999999996
BPbO3,1.22,0.5589999999999999,0.4473199999999998
NaCaO3,1.5,-1.719,-1.577029999999998
CrPdO3,1.14,-0.537,-0.5667899999999995
TlWO3,1.56,-1.845,-1.7720199999999988
HfNbO3,0.62,-1.795,-1.8548699999999976
CsPdO3,1.36,-0.589,-0.6316299999999994
CuOsO3,1.86,-1.0,-0.9485800000000001
HfGaO3,0.56,-1.833,-1.8394299999999992
TiOsO3,1.14,-0.939,-0.8989899999999986
SrTiO3,1.5,-3.354,-3.2781600000000024
YHgO3,1.26,-1.182,-1.1957700000000018
MnCuO3,0.98,-0.764,-0.9744499999999996
ZnTeO3,1.02,-0.742,-0.8049800000000005
RbGeO3,2.56,-1.362,-1.4271899999999986
BaSnO3,-0.08,-2.443,-2.359760000000003
CuMoO3,1.56,-1.645,-1.60757
AlAgO3,1.04,-1.543,-1.3743300000000016
YTiO3,0.84,-3.44,-3.4430999999999994
TiMnO3,0.08,-1.615,-1.6313000000000002
YPtO3,1.14,-1.554,-1.5379900000000006
CaZrO3,1.08,-3.517,-3.3383000000000003
LiBO3,3.28,-1.077,-1.4080799999999993
CsBeO3,1.7,-0.6629999999999999,-0.8005499999999988
WAuO3,0.6,0.79,0.7011300000000001
SrOsO3,0.54,-1.941,-1.934530000000001
SiSnO3,1.22,-1.023,-0.9691
NaTeO3,0.48,-1.489,-1.4813300000000011
SnAsO3,0.6,-1.321,-1.2402899999999992
CrSbO3,0.76,-1.354,-1.3066899999999995
MgReO3,0.62,-1.558,-1.4595000000000014
LiMnO3,0.44,-1.604,-1.6806800000000015
CsSbO3,0.44,-1.628,-1.5843699999999985
LaAuO3,1.66,-1.614,-1.7141000000000022
InGeO3,0.46,-1.499,-1.4532299999999987
CdAgO3,1.84,-0.485,-0.42836999999999975
YAsO3,0.74,-1.911,-1.9215300000000008
LiZrO3,0.5,-2.607,-2.53441
BaBiO3,0.28,-2.066,-1.9604100000000018
MnPbO3,1.18,-1.476,-1.4361099999999996
VAgO3,0.42,-1.633,-1.4634100000000003
GaOsO3,0.98,-0.97,-0.9100599999999992
CoCuO3,1.34,-0.237,-0.15999
RbPbO3,0.84,-1.009,-1.0468599999999997
FeHgO3,2.1,-0.812,-0.5937599999999996
TiPtO3,2.02,-0.525,-0.5041699999999993
GeAuO3,1.56,-0.054,-0.021300000000000013
SrSnO3,1.14,-2.495,-2.3852200000000026
OsPbO3,2.34,0.55,0.2857500000000003
TlBiO3,0.96,-1.098,-1.0981199999999993
SrYO3,1.08,-2.979,-2.986290000000002
ZnSbO3,0.82,-1.068,-1.112979999999999
KLiO3,2.54,-0.344,-0.3842600000000005
ZrTiO3,0.34,-2.535,-2.5115099999999986
CaMoO3,1.18,-2.59,-2.508730000000002
CaMnO3,1.6,-2.349,-2.2881399999999985
InReO3,0.46,-1.3630000000000002,-1.3464699999999998
CrCdO3,0.3,-0.327,-0.3120500000000006
ZrCuO3,1.08,-1.531,-1.537480000000002
MgGeO3,0.34,-1.882,-1.690100000000002
SrMoO3,-0.12,-2.611,-2.5536199999999973
BaPdO3,0.8,-1.536,-1.5982200000000004
ScCdO3,0.76,-1.13,-1.2816799999999986
SrCuO3,2.28,-1.547,-1.6115499999999983
CaOsO3,2.64,-1.995,-1.940790000000002
RbReO3,2.02,-1.807,-1.7977699999999988
HgIrO3,2.08,-0.614,-0.5898399999999998
IrPbO3,0.92,-0.7829999999999999,-0.5581100000000007
TaReO3,1.1,-0.503,-0.75735
VCdO3,1.72,-1.843,-1.7929399999999998
NaTiO3,0.18,-2.459,-2.5036200000000024
BaYO3,1.2,-2.957,-2.958979999999997
ZnHgO3,1.52,0.1939999999999999,0.011119999999999965
LaNbO3,0.98,-3.006,-2.988459999999997
SiSbO3,1.62,-0.8140000000000001,-0.8185599999999995
NaAsO3,2.3,-1.53,-1.5192999999999999
HfZnO3,0.98,-1.546,-1.6406700000000003
NaCuO3,1.32,-0.569,-0.6954400000000008
KYO3,1.5,-2.11,-2.1223800000000033
AlBiO3,0.26,-2.132,-1.7416000000000014
TiRhO3,1.32,-0.857,-0.9051399999999997
CsSiO3,2.4,-1.435,-1.534920000000001
BaBeO3,0.96,-1.82,-1.9606399999999982
InPdO3,1.5,-0.5870000000000001,-0.5858500000000005
CuAsO3,1.16,-1.028,-0.9707100000000008
GaMoO3,0.3,-1.725,-1.7092299999999978
NaCoO3,2.4,-1.033,-1.0603300000000004
TiAgO3,2.22,-1.888,-1.7285500000000018
SrLaO3,0.62,-2.923,-2.8897300000000024
CrSnO3,0.4,-1.374,-1.3684799999999988
KZnO3,2.62,-0.701,-0.7443199999999999
InWO3,1.1,-1.795,-1.8018099999999981
VInO3,0.68,-0.931,-1.1775499999999992
SrIrO3,2.98,-1.838,-1.8220599999999971
HgPdO3,1.58,-0.4379999999999999,-0.45553000000000027
CdPdO3,2.06,-0.8270000000000001,-0.8187899999999999
LiPtO3,1.46,-0.654,-0.8949300000000006
TaWO3,1.32,-0.8740000000000001,-1.0020899999999993
GaGeO3,0.66,-1.238,-1.2245899999999994
BiSbO3,0.88,-1.365,-1.3215399999999988
ScBiO3,1.56,-1.237,-1.2572099999999984
InOsO3,0.92,-1.12,-1.094120000000001
NbGeO3,0.86,-1.053,-1.1223699999999985
CaPbO3,0.68,-2.017,-1.8712099999999985
HfNiO3,0.98,-1.67,-1.6404599999999991
BaFeO3,2.76,-2.095,-2.093019999999999
BeHgO3,1.6,0.5539999999999999,0.3351099999999996
MgMoO3,0.42,-1.924,-1.8265400000000032
HfBeO3,0.76,-2.7260000000000004,-2.5370999999999992
SnTeO3,1.02,-1.032,-0.9370399999999991
BaZnO3,0.66,-1.664,-1.7243499999999978
BRuO3,2.4,0.072,0.09391999999999989
AsRuO3,1.18,-0.462,-0.45877000000000057
LiRhO3,1.12,-1.253,-1.2592200000000002
HgBiO3,1.16,-0.914,-0.818420000000001
LiAgO3,1.74,-0.124,-0.36414
GaReO3,0.46,-1.394,-1.3543800000000017
TlCdO3,1.52,-0.285,-0.4377999999999996
CaVO3,-0.14,-2.901,-2.841520000000003
ScPdO3,1.54,-1.291,-1.3228599999999986
BaVO3,-0.3,-2.801,-2.7792199999999965
SbPdO3,1.1,-0.512,-0.5335300000000004
BaIrO3,1.88,-1.727,-1.7435900000000004
YCrO3,1.22,-3.178,-3.1681299999999997
AlTlO3,2.28,-1.911,-1.8339200000000013
ScWO3,0.92,-2.028,-2.0104899999999986
LiCdO3,1.56,-0.321,-0.4844599999999996
CsWO3,-0.04,-2.119,-2.0826300000000004
BeSbO3,0.86,-0.721,-0.6977699999999994
InAgO3,1.32,-0.273,-0.29804999999999987
SrFeO3,2.78,-2.188,-2.1854199999999966
InMoO3,0.26,-1.703,-1.7050000000000012
MgOsO3,1.06,-1.213,-1.1319599999999987
KCdO3,2.32,-0.527,-0.5270100000000005
SnHgO3,1.5,-0.251,-0.31525000000000036
NbReO3,1.24,-0.797,-0.9353399999999991
BaLiO3,1.6,-1.359,-1.1517699999999989
CsScO3,1.78,-2.068,-2.0748700000000015
ZnSiO3,0.54,-1.95,-1.978019999999999
NaCdO3,1.84,-0.445,-0.5818900000000002
LaFeO3,0.14,-2.755,-2.7196299999999987
IrRhO3,2.3,0.397,0.3313999999999994
TePdO3,1.4,-0.217,-0.3032699999999997
ScSbO3,1.28,-1.515,-1.6050199999999981
LaNiO3,1.24,-2.376,-2.372190000000003
CaPtO3,2.48,-1.797,-1.7505199999999983
HfSnO3,1.16,-2.458,-2.039159999999998
GaAsO3,1.02,-0.972,-0.9983599999999991
TlPdO3,2.02,-0.7340000000000001,-0.7360400000000006
HfMgO3,0.4,-2.321,-2.2816699999999996
CaRhO3,2.18,-1.934,-1.9404399999999984
NiMoO3,0.78,-1.063,-1.0768800000000014
BeTeO3,0.94,-0.373,-0.3935500000000002
LaSiO3,0.48,-2.7510000000000003,-2.7586900000000014
GaCoO3,0.84,0.188,-0.14156999999999983
FePtO3,1.42,-0.185,-0.24423999999999974
CsZnO3,1.36,-0.5329999999999999,-0.7116000000000003
IrRuO3,1.88,0.168,0.14734999999999976
ScBO3,2.48,-2.326,-2.1807899999999965
PtPbO3,1.46,-0.623,-0.5525799999999996
IrPtO3,2.5,0.6559999999999999,0.5994399999999999
HfSbO3,1.28,-0.8740000000000001,-1.0335499999999995
RhPbO3,1.44,-0.774,-0.6956000000000004
CrBO3,1.38,-1.27,-1.1942299999999992
BiTeO3,1.08,-0.78,-0.8040700000000008
GaBO3,2.44,-0.962,-0.9650400000000015
CsHfO3,1.92,-2.615,-2.6311100000000027
BaBO3,1.02,-1.399,-1.5430000000000004
AlCdO3,2.26,-1.93,-1.8566100000000023
CaBO3,0.98,-1.873,-1.9783599999999981
FeRhO3,1.24,-0.455,-0.4281299999999993
InBiO3,0.7,-0.946,-1.017319999999999
CaCuO3,0.96,-1.537,-1.6755600000000024
AlPdO3,1.12,-0.4379999999999999,-0.46391000000000004
ScSnO3,0.76,-1.817,-1.8042699999999998
CaTiO3,-0.12,-3.367,-3.25389
YMnO3,0.2,-2.9360000000000004,-2.9203100000000006
CdBO3,3.2,-0.836,-0.8772899999999995
CaFeO3,2.58,-2.195,-2.202759999999997
BeReO3,1.46,-0.851,-0.8121599999999998
PtRhO3,2.06,0.171,0.19772999999999982
GaSiO3,0.64,-1.882,-1.901620000000001
NaAgO3,2.18,-0.237,-0.4729200000000002
LiTiO3,0.4,-2.454,-2.534520000000001
CaAsO3,0.42,-2.124,-2.1013499999999987
LiCuO3,1.46,-0.506,-0.7468
VCuO3,0.4,-0.8140000000000001,-0.8313099999999994
HfRuO3,1.08,-1.117,-1.1201700000000012
ScAlO3,1.0,-3.508,-3.2248799999999993
PdRuO3,1.46,-0.455,-0.4956099999999994
MgIrO3,1.24,-1.017,-0.91943
BaNbO3,-0.34,-3.016,-2.94387
SrCaO3,1.4,-1.973,-1.968420000000002
GaFeO3,0.82,-0.988,-0.98114
TaNiO3,1.28,-0.846,-1.0431400000000002
NbSiO3,0.98,-1.605,-1.7718299999999985
HgAuO3,1.82,-0.172,-0.15378000000000017
AlCrO3,1.02,-1.534,-1.6214800000000003
CaCoO3,0.54,-1.885,-1.9036499999999983
RbWO3,-0.24,-2.262,-2.2780300000000007
ZrMnO3,0.78,-1.956,-1.978369999999998
AgPtO3,2.54,-0.389,-0.3690300000000001
SiAuO3,1.26,0.178,0.23457000000000033
SbWO3,0.66,-1.317,-1.3674099999999985
TaTeO3,0.52,-0.061,-0.23504999999999995
KRuO3,1.84,-1.3630000000000002,-1.3532199999999992
KBeO3,3.64,-0.918,-0.8847800000000009
BeGeO3,1.38,-1.002,-0.973389999999999
AgRhO3,2.36,-0.541,-0.5660299999999993
CrWO3,0.38,-1.948,-1.9185699999999994
MgBiO3,0.78,-1.143,-1.1866500000000004
HgMoO3,1.62,-1.403,-1.4172300000000013
RbHgO3,1.46,-0.276,-0.32875
CdCoO3,2.04,-0.98,-0.9849800000000005
SbAuO3,1.4,-0.15,-0.11588000000000014
NaMnO3,0.3,-1.4880000000000002,-1.5588199999999999
YScO3,1.3,-3.781,-3.649900000000003
HfTaO3,0.68,-1.91,-2.034319999999998
NaZrO3,0.24,-2.59,-2.5845200000000017
InIrO3,1.02,-0.763,-0.74019
ZnGeO3,1.34,-1.247,-1.2726699999999997
HgOsO3,2.14,-0.716,-0.76425
CdAsO3,1.4,-1.228,-1.2001999999999982
CaIrO3,2.72,-1.919,-1.8868100000000003
KSnO3,0.34,-1.57,-1.5160199999999977
NaWO3,1.42,-2.38,-2.370429999999999
LiTeO3,0.74,-1.52,-1.3703599999999994
AlCoO3,1.0,-0.957,-0.9663799999999994
ScTlO3,0.92,-2.175,-2.0975100000000015
TaSbO3,0.34,-0.34,-0.4684700000000007
KBiO3,0.56,-1.352,-1.349600000000001
TlCrO3,0.42,-1.672,-1.7072699999999983
AlAsO3,0.86,-0.946,-0.9713899999999994
CuBO3,1.52,-0.524,-0.5919300000000005
LiVO3,1.56,-2.299,-2.3498200000000034
TeAuO3,1.7,0.136,-0.03201999999999998
CaAgO3,1.3,-1.347,-1.3873499999999999
CoPtO3,1.72,-0.083,-0.10019000000000011
CsNbO3,0.18,-2.6010000000000004,-2.505159999999999
LaGeO3,0.28,-2.537,-2.5072900000000033
TeIrO3,1.56,-0.313,-0.33466999999999986
KLaO3,1.66,-2.065,-2.0567499999999996
LiCaO3,1.8,-0.89,-1.0095900000000002
MgWO3,0.84,-1.951,-1.8168799999999978
FeCuO3,1.5,0.413,0.1734200000000001
RbScO3,2.72,-2.136,-2.13663
MoRuO3,1.0,-0.3389999999999999,-0.36073999999999956
TiFeO3,0.34,-1.429,-1.4532800000000006
SrRhO3,2.32,-1.856,-1.8761799999999977
TiIrO3,0.96,0.075,-0.24743000000000034
MgAgO3,1.42,-0.491,-0.7853200000000001
TlAsO3,1.4,-1.073,-1.0766299999999982
CuIrO3,1.78,-0.389,-0.3278399999999998
ZnReO3,0.64,-1.439,-1.3088799999999983
GaPdO3,1.26,-0.363,-0.36153999999999975
TaHgO3,0.08,-1.903,-1.5532800000000002
FeTeO3,1.28,-0.652,-0.7402300000000005
SrPtO3,2.46,-1.7080000000000002,-1.7146499999999982
LaTaO3,1.0,-3.01,-3.0045899999999954
TlCoO3,1.54,-0.991,-0.9955500000000002
AsRhO3,1.34,-0.309,-0.2757600000000001
ZrOsO3,1.12,-1.069,-1.02908
MnOsO3,1.48,-1.029,-1.0756199999999985
RbHfO3,1.8,-2.727,-2.7227000000000015
OsRuO3,1.66,0.292,0.2785100000000005
AsPtO3,1.66,-0.053,-0.043009999999999986
ZrMoO3,0.62,-1.6740000000000002,-1.6593900000000033
NaHgO3,1.6,-0.215,-0.5691300000000009
MnMoO3,0.86,-1.971,-1.848550000000002
ReRuO3,1.16,0.17,0.11633999999999999
BaTaO3,0.04,-3.108,-3.1186600000000015
LaOsO3,0.8,-2.209,-2.1613800000000007
YTeO3,1.38,-1.446,-1.4366299999999992
TiCuO3,0.74,-1.045,-1.1283000000000007
ScVO3,0.56,-2.506,-2.65194
MnAgO3,1.36,-0.968,-1.1653800000000016
RbAgO3,1.58,-0.251,-0.29936000000000024
MnRhO3,0.92,-0.875,-0.9376199999999999
MoRhO3,1.32,-0.181,-0.25207999999999986
ZrAsO3,1.56,-1.202,-1.2654799999999993
LiTlO3,1.68,-0.3929999999999999,-0.8137100000000004
SnGeO3,0.46,-1.495,-1.331500000000001
RbBaO3,1.58,-1.034,-1.0673800000000009
VCrO3,0.22,-1.686,-1.6370800000000012
OsRhO3,1.94,0.474,0.44238999999999934
BiRuO3,1.02,-1.176,-1.1210300000000009
VGaO3,0.76,-1.4380000000000002,-1.3705600000000004
LaMoO3,0.54,-2.681,-2.6322300000000016
MgPdO3,1.58,-0.7979999999999999,-0.8972600000000007
CsGeO3,1.98,-1.4340000000000002,-1.4146299999999992
GaAgO3,1.14,-0.976,-0.9571499999999996
SiNiO3,0.92,-0.37,-0.3766899999999999
KSiO3,2.16,-2.178,-1.9669299999999998
GeSbO3,0.8,-1.036,-0.9931800000000008
GeRuO3,1.14,-0.8170000000000001,-0.7739099999999994
LaZnO3,1.46,-2.422,-2.359209999999999
YHfO3,0.76,-3.428,-3.3138099999999975
BAsO3,1.08,-0.025,-0.12038000000000011
CsAuO3,1.56,-0.336,-0.36942999999999954
NbTeO3,0.72,-0.39,-0.5946500000000001
OsPtO3,2.18,0.731,0.6988500000000005
YCuO3,0.82,-2.259,-2.2276199999999973
NbVO3,0.46,-1.581,-1.656819999999999
BaNaO3,1.48,-1.0659999999999998,-1.0259800000000012
HgWO3,0.4,-1.52,-1.52849
MoPtO3,1.92,0.12,0.012790000000000025
FeNiO3,1.22,-0.519,-0.45995999999999954
NaAlO3,2.66,-1.961,-1.9657800000000016
ZrCoO3,1.02,-1.774,-1.7357100000000003
TiPbO3,1.38,-2.367,-1.9766099999999986
TiWO3,1.08,-1.66,-1.700869999999998
MnPtO3,1.14,-0.617,-0.7310199999999994
BeNiO3,1.32,-0.235,-0.3396399999999997
InCoO3,1.52,-0.986,-0.9275300000000004
ZrRhO3,1.04,-1.202,-1.1494999999999993
InSiO3,0.58,-1.906,-2.0013300000000025
BiBO3,0.92,-1.178,-1.011049999999999
RbAsO3,0.68,-1.367,-1.3113300000000012
ZrPtO3,1.24,-0.83,-0.8601299999999991
InAsO3,0.9,-1.042,-1.0775400000000004
MnAsO3,0.64,-1.546,-1.4699300000000006
LiAlO3,2.08,-2.188,-2.1699699999999975
ReSnO3,1.28,-0.241,-0.2891399999999999
ZrAgO3,1.58,-2.119,-1.8355599999999996
LaBeO3,2.38,-2.758,-2.6863800000000024
AgRuO3,1.22,-0.754,-0.8369000000000006
NbSbO3,0.5,-0.672,-0.7926999999999988
PdWO3,0.54,-1.411,-1.364500000000001
RbSrO3,1.26,-1.038,-1.0464099999999994
NaRhO3,1.0,-1.139,-1.1796999999999986
SrMnO3,1.8,-2.3680000000000003,-2.2936299999999985
SnPbO3,0.8,-1.134,-1.12806
ZnNiO3,1.26,-0.484,-0.5613400000000005
RbCrO3,2.66,-1.509,-1.6241299999999983
CuPbO3,1.26,-0.8270000000000001,-0.7984099999999996
MnCoO3,0.7,-1.044,-1.087029999999999
RbSiO3,2.3,-1.735,-1.8027100000000025
NbBO3,1.08,-1.261,-1.1488199999999997
RbCoO3,0.92,-0.851,-0.8842799999999995
CaYO3,0.94,-2.6660000000000004,-2.786199999999999
GaBiO3,0.4,-1.645,-1.3814899999999994
MgSiO3,0.28,-2.869,-2.511029999999999
VRuO3,1.28,-0.941,-0.8933500000000005
VAsO3,0.74,-1.084,-1.041910000000001
NaTlO3,1.84,-0.523,-0.93228
LaHfO3,0.16,-3.4810000000000003,-3.4502899999999967
KGaO3,1.46,-1.227,-1.1910400000000003
NaPtO3,1.18,-1.005,-1.0230599999999996
MgFeO3,0.56,-1.954,-1.773
BaAuO3,1.02,-1.3090000000000002,-1.3523999999999996
InBO3,2.62,-1.122,-1.07223
BaMoO3,2.34,-2.585,-2.533310000000002
CsReO3,3.26,-1.663,-1.6094500000000005
LaPbO3,0.84,-1.856,-1.9261099999999975
GaIrO3,1.24,-0.682,-0.5876900000000003
NbHgO3,0.32,-1.753,-1.2727699999999997
ReSbO3,1.72,-0.026,-0.12699999999999995
BaOsO3,2.0,-1.874,-1.8423299999999982
ScIrO3,1.54,-1.3030000000000002,-1.333579999999999
BeZnO3,1.54,-0.152,-0.2697800000000002
RbNiO3,3.18,-0.5479999999999999,-0.5788300000000003
TlSnO3,1.28,-1.365,-1.3797799999999993
NbAuO3,0.54,0.091,0.0027600000000000597
MnTlO3,0.5,-1.381,-1.5206799999999998
SrBiO3,1.52,-2.088,-1.9766799999999976
YTlO3,1.0,-2.265,-2.1200699999999966
ZrTlO3,0.42,-2.139,-2.0358900000000015
AlCuO3,1.08,-0.6679999999999999,-0.7631700000000001
SbRuO3,1.34,-0.758,-0.7300300000000002
ZrRuO3,1.24,-1.281,-1.2538400000000014
BiAsO3,0.7,-1.232,-1.1942799999999996
CsRuO3,2.94,-1.157,-1.2308599999999985
PtWO3,1.8,-1.0,-0.9819100000000001
KNiO3,1.04,-0.634,-0.65195
YAlO3,0.14,-3.56,-3.559230000000003
SnRuO3,1.26,-1.225,-1.0979399999999986
AlSnO3,0.4,-1.209,-1.442250000000002
HfIrO3,1.58,-0.807,-0.8064800000000006
AgWO3,1.74,-1.675,-1.6433700000000007
ScMoO3,0.76,-2.047,-2.033519999999998
ZnPbO3,1.0,-1.266,-1.1570500000000008
CrOsO3,1.14,-1.061,-1.018600000000001
VRhO3,1.04,-0.75,-0.7211199999999997
CaMgO3,0.78,-2.227,-2.0885200000000013
ScOsO3,1.3,-1.404,-1.4027299999999985
ReGeO3,0.72,-0.265,-0.43688000000000016
TiCdO3,2.04,-2.313,-1.9761799999999987
RbGaO3,0.72,-1.131,-1.1227800000000001
SrNbO3,-0.24,-3.022,-2.9287899999999985
CrMoO3,0.76,-1.952,-1.87161
MnGaO3,0.68,-1.405,-1.5377600000000005
TlCuO3,2.0,-0.711,-0.722729999999999
SrAgO3,2.06,-1.31,-1.3692800000000007
VCoO3,0.74,-1.09,-1.0284500000000016
TaBeO3,0.72,-1.946,-1.9431599999999989
MgRhO3,1.7,-1.067,-1.0734399999999977
KMoO3,-0.22,-2.247,-2.223760000000002
TlHgO3,1.7,-0.043,-0.26268999999999976
AgBiO3,1.42,-0.8170000000000001,-0.7652499999999992
RbRuO3,0.68,-1.265,-1.2991
MgPtO3,1.82,-0.805,-0.8026300000000006
MnRuO3,0.84,-1.529,-1.4371699999999987
SnWO3,0.32,-1.6780000000000002,-1.727549999999999
TiAlO3,0.38,-2.499,-2.3690899999999986
RbMgO3,2.48,-1.09,-1.1149600000000015
AgAsO3,1.12,-0.815,-0.8835099999999989
CdTeO3,0.88,-1.18,-1.1285300000000016
TaPdO3,1.38,-0.13,-0.36983000000000027
BaWO3,2.78,-2.57,-2.464279999999997
NaYO3,0.86,-2.301,-2.2910399999999966
ZrAlO3,0.66,-2.998,-2.896769999999996
FeSiO3,1.3,-1.908,-1.9102099999999982
MnAlO3,1.06,-2.509,-2.458789999999995
CdSnO3,1.32,-1.6740000000000002,-1.581130000000002
CdCuO3,2.02,-0.669,-0.7292799999999989
CrFeO3,0.72,-1.212,-1.1621500000000007
RbInO3,2.3,-1.041,-1.020499999999998
TiTlO3,1.46,-2.053,-1.8281899999999993
ZrGaO3,0.64,-1.978,-1.9593900000000013
AsWO3,1.3,-1.18,-1.2107200000000018
NaCrO3,0.06,-1.743,-1.765189999999998
TaBiO3,1.24,-0.046,-0.3383299999999997
CrSiO3,0.52,-2.168,-2.0823400000000016
SrWO3,1.5,-2.596,-2.5427400000000016
CoAgO3,1.3,0.365,0.1412900000000001
NaScO3,0.76,-2.136,-2.1943599999999983
BaTlO3,1.52,-1.548,-1.5919100000000015
SrPdO3,2.12,-1.636,-1.691039999999998
GaRhO3,1.02,-0.65,-0.6024399999999992
CrIrO3,1.32,-0.7879999999999999,-0.750299999999999
CaRuO3,0.66,-2.073,-2.03382
GaPtO3,1.5,-0.409,-0.35790999999999956
VHgO3,1.98,-1.476,-1.1748199999999993
InCuO3,1.48,-0.7240000000000001,-0.7200499999999991
AsPdO3,1.32,-0.095,-0.1161900000000001
ZnPdO3,1.3,-0.23,-0.3124300000000002
NaOsO3,2.96,-1.5019999999999998,-1.5158800000000006
YBO3,2.6,-2.487,-2.4670199999999984
KReO3,-0.06,-1.92,-1.8747499999999977
TaAuO3,0.28,0.335,0.06288999999999999
AlPtO3,1.7,-0.417,-0.46503000000000067
NaMoO3,1.32,-2.251,-2.258820000000002
ReOsO3,2.1,0.262,0.16415000000000016
NaLiO3,1.58,-1.182,-1.1489500000000006
YMgO3,1.16,-2.902,-2.806099999999997
TaZnO3,0.78,-0.727,-1.0444700000000002
TaNbO3,0.58,-1.255,-1.4314699999999987
MgZrO3,0.56,-2.676,-2.5668199999999963
InSnO3,0.82,-1.574,-1.4903000000000006
SrTaO3,0.1,-3.1210000000000004,-3.1249599999999997
BeBO3,1.42,-0.8340000000000001,-0.9513200000000012
HfGeO3,0.3,-1.351,-1.4653299999999996
KGeO3,0.42,-1.472,-1.489519999999999
AlRhO3,1.42,-0.6659999999999999,-0.6745999999999992
ReMoO3,1.44,-0.446,-0.5176799999999997
SiIrO3,1.8,-0.35,-0.3134900000000005
CoPdO3,1.42,0.0409999999999999,-0.034870000000000054
AsPbO3,1.22,-1.311,-1.0146600000000014
PdPbO3,1.14,-0.6559999999999999,-0.5880199999999995
TlPtO3,1.34,-0.7020000000000001,-0.67045
AgPdO3,2.28,-0.3229999999999999,-0.36822000000000016
GeOsO3,0.98,-0.7490000000000001,-0.7092200000000001
TiInO3,1.52,-1.06,-1.224540000000001
HfSiO3,1.38,-1.854,-1.9087600000000031
BaAlO3,2.54,-2.721,-2.6356600000000032
BeBiO3,2.12,-0.286,-0.2879800000000001
TeWO3,0.86,-1.135,-1.2352900000000018
BePbO3,1.18,-0.096,-0.4521899999999998
LaSnO3,0.46,-2.298,-2.3453
SrAuO3,1.12,-1.376,-1.3905800000000013
ZrVO3,0.28,-2.208,-2.3088899999999986
MnWO3,1.28,-1.946,-1.8411599999999992
BiPbO3,0.6,-1.221,-1.1797100000000011
TlRhO3,1.14,-0.914,-0.8525400000000009
CsLaO3,1.4,-2.066,-2.0401300000000013
GeMoO3,0.52,-1.555,-1.5009000000000023
LiOsO3,1.72,-1.575,-1.50954
ScFeO3,0.76,-2.035,-2.0584699999999985
TiBO3,1.28,-1.779,-1.712059999999998
LiMoO3,1.52,-2.232,-2.09774
LaSbO3,0.64,-2.075,-2.1021899999999984
RuRhO3,1.62,0.036,0.038450000000000005
BePdO3,1.76,0.094,-0.0012999999999999893
BeVO3,0.54,-1.342,-1.5013800000000006
MgMnO3,0.6,-2.219,-2.0358499999999977
RuPtO3,1.8,0.296,0.3148899999999998
HfReO3,1.04,-1.107,-1.3170900000000003
ScSiO3,0.74,-2.6010000000000004,-2.4675999999999987
CaGaO3,0.4,-2.197,-2.249530000000001
GaSnO3,0.6,-1.166,-1.1623599999999987
LiScO3,1.02,-2.008,-2.107770000000002
ZnAuO3,1.58,0.06,0.004200000000000016
LiCrO3,0.22,-1.83,-1.935700000000002
CoAsO3,0.94,-0.753,-0.82715
SiOsO3,1.96,-0.537,-0.5283899999999996
MgTiO3,0.78,-3.094,-2.684269999999998
CaTlO3,1.46,-1.596,-1.7064900000000014
YVO3,1.58,-3.25,-3.241480000000001
MnInO3,1.0,-1.008,-1.1499499999999991
ZrCdO3,0.36,-0.8759999999999999,-1.2728800000000016
KFeO3,0.56,-1.252,-1.3027999999999997
BaNiO3,0.66,-1.591,-1.63846
MnCdO3,0.34,-1.287,-1.3020800000000017
TaPbO3,0.18,-1.911,-1.37564
AlTeO3,1.68,-0.8009999999999999,-0.8490400000000006
SrAsO3,1.42,-2.144,-2.116870000000002
CoBO3,1.92,-0.8190000000000001,-0.7625400000000008
GaSbO3,0.66,-1.237,-1.1680499999999985
ReIrO3,1.84,0.441,0.45042000000000015
CsGaO3,2.18,-1.017,-1.0900299999999994
SrCoO3,2.26,-1.904,-1.9018599999999979
SiMoO3,1.34,-1.243,-1.2612599999999992
CaAlO3,2.38,-2.884,-2.872039999999997
BRhO3,2.24,0.416,0.37382
HfCrO3,0.56,-2.046,-2.1006099999999996
MgCuO3,1.56,-0.976,-1.0797699999999997
NbPdO3,1.78,-0.342,-0.4060299999999996
BiAuO3,1.3,-0.353,-0.3288400000000004
SrBeO3,0.92,-2.0380000000000003,-2.131640000000002
BaLaO3,0.4,-2.903,-2.8741999999999996
BeNbO3,0.78,-1.581,-1.6034099999999998
ScReO3,1.08,-1.683,-1.7182300000000001
PbAuO3,1.34,-0.606,-0.5169500000000008
GeIrO3,1.08,-0.5660000000000001,-0.5407000000000003
CdPtO3,2.32,-0.903,-0.7916100000000001
BeAuO3,1.86,0.4039999999999999,0.3234599999999999
CdHgO3,1.66,-0.055,-0.13386999999999985
CdRhO3,2.14,-1.021,-0.9772900000000007
YNiO3,1.8,-2.381,-2.344729999999999
NbBiO3,1.18,-0.367,-0.7931500000000002
ScGeO3,0.8,-1.995,-2.050090000000001
PdAuO3,2.06,0.523,0.49925000000000064
MgSnO3,0.68,-1.725,-1.6522199999999987
ZrBO3,1.06,-1.921,-1.8471800000000005
RbLaO3,1.8,-2.067,-2.056770000000003
TlTeO3,0.78,-1.035,-0.9930199999999987
HfOsO3,1.54,-0.8859999999999999,-0.9378699999999995
LiFeO3,1.8,-1.354,-1.4321300000000001
RbTlO3,1.18,-0.597,-0.7085899999999998
GaCuO3,0.9,-0.437,-0.4262699999999999
InPtO3,1.22,-0.5710000000000001,-0.5245199999999999
NiSbO3,1.1,-0.607,-0.6340299999999998
YMoO3,0.94,-2.285,-2.2670099999999977
CuWO3,1.82,-1.739,-1.618240000000001
InRhO3,1.2,-0.802,-0.7617100000000007
SiGeO3,0.56,-1.121,-1.0000499999999997
TiVO3,0.18,-2.002,-2.067180000000002
VZnO3,0.2,-0.8909999999999999,-0.8490300000000002
RbAlO3,0.78,-1.714,-1.7074799999999994
TiRuO3,1.64,-0.998,-1.0080100000000012
HfMoO3,1.5,-1.466,-1.50816
BaCdO3,1.7,-1.482,-1.5013899999999996
SrZnO3,0.74,-1.706,-1.612619999999999
LiIrO3,2.3,-1.378,-1.31296
KWO3,-0.32,-2.372,-2.3391200000000043
NbPbO3,0.04,-1.811,-1.6394500000000025
NbZnO3,0.86,-0.866,-1.07532
LaHgO3,1.32,-1.948,-1.8925200000000002
CaWO3,1.32,-2.568,-2.517070000000004
NaIrO3,3.04,-1.266,-1.2645100000000011
AgPbO3,1.48,-0.6679999999999999,-0.7664200000000004
NiHgO3,1.4,-0.3289999999999999,-0.4650100000000003
ReSiO3,1.62,-0.8029999999999999,-1.091899999999999
HfScO3,0.36,-2.424,-2.4325700000000032
FeReO3,1.68,-1.072,-1.1639800000000011
RbCdO3,1.28,-0.502,-0.5228600000000005
TiGaO3,0.66,-1.653,-1.56337
CsMgO3,1.86,-1.026,-1.1035399999999995
MgSbO3,0.72,-1.4780000000000002,-1.4327799999999993
CrReO3,0.6,-1.4780000000000002,-1.3927399999999992
HgBO3,3.36,-0.352,-0.5323899999999994
CaInO3,0.64,-2.044,-2.053530000000002
LaTeO3,0.94,-1.7619999999999998,-1.7388600000000003
InSbO3,0.58,-1.262,-1.29166
CrGeO3,0.56,-1.485,-1.4272500000000008
CsInO3,2.02,-0.982,-0.9504399999999993
CuRuO3,1.34,-0.955,-0.8965899999999994
ZnBO3,1.34,-0.8740000000000001,-0.9677699999999996
NaFeO3,2.26,-1.2990000000000002,-1.4068400000000019
NaSiO3,1.94,-2.22,-2.1383199999999993
MnNiO3,0.96,-0.893,-1.0490000000000002
MgHgO3,1.72,-0.386,-0.628860000000001
KAlO3,1.88,-1.857,-1.8464499999999995
LaCuO3,1.62,-2.237,-2.222519999999998
ZrNiO3,0.98,-1.735,-1.6655100000000014
TaBO3,1.14,-1.101,-1.3437399999999995
NbAsO3,1.42,-0.6679999999999999,-0.7378400000000002
TeRuO3,1.26,-0.524,-0.5461200000000005
ScCrO3,0.28,-2.486,-2.5515199999999982
BaMgO3,0.5,-2.112,-2.107799999999998
KMgO3,2.48,-1.144,-1.1495100000000016
MoIrO3,1.46,-0.073,-0.09857000000000016
NbCoO3,0.9,-1.027,-1.0448700000000009
BaGaO3,1.78,-2.147,-2.1253799999999985
IrOsO3,2.36,0.184,0.15685999999999983
InHgO3,1.6,-0.133,-0.15242999999999973
TiNiO3,1.04,-1.212,-1.195990000000002
AsAuO3,1.42,0.26,0.26193000000000033
CsBO3,3.58,-0.208,-0.44287999999999966
GaHgO3,1.02,0.11,-0.20430000000000004
BSbO3,1.92,-0.284,-0.21139999999999998
HgRuO3,1.22,-0.767,-0.8297499999999998
YReO3,1.3,-1.911,-1.9127300000000007
LiReO3,0.2,-1.921,-1.7437399999999994
TaVO3,0.44,-1.347,-1.5791099999999993
NbWO3,1.24,-1.186,-1.420990000000002
NbAgO3,1.56,-1.87,-1.6160700000000017
BPdO3,2.5,0.797,0.7060799999999992
LiGeO3,0.6,-1.612,-1.6819399999999982
CsVO3,0.12,-1.781,-1.9646500000000007
AgAuO3,2.06,0.286,0.1397899999999998
KTlO3,1.16,-0.617,-0.6689399999999996
LiSiO3,1.68,-2.248,-2.207079999999998
CuNiO3,1.54,-0.121,-0.1953700000000001
BeAsO3,1.1,-0.63,-0.6717400000000003
GaTeO3,0.94,-0.953,-0.9258400000000009
BeCoO3,1.32,-0.402,-0.4215000000000002
NaHfO3,1.36,-2.749,-2.7984099999999987
ZnAsO3,1.5,-0.916,-0.9765299999999985
VAuO3,0.74,-0.187,-0.22220000000000012
ZnCoO3,1.28,-0.659,-0.69613
BaRuO3,0.42,-1.953,-1.9401100000000013
CdSbO3,0.58,-1.425,-1.3812299999999988
MgTeO3,1.16,-1.178,-1.134749999999999
CsCdO3,1.88,-0.457,-0.5261200000000003
BAuO3,2.0,1.11,1.0072099999999997
FeMoO3,1.14,-1.736,-1.653779999999999
FeOsO3,1.76,-0.7190000000000001,-0.7582699999999999
YGeO3,0.64,-2.218,-2.2330699999999992
LiHfO3,0.52,-2.759,-2.770809999999997
RbVO3,1.48,-2.23,-2.168329999999996
KNaO3,2.22,-0.069,-0.2943499999999999
BaInO3,1.6,-1.998,-1.9272999999999991
NiRhO3,1.74,-0.2269999999999999,-0.24524000000000012
TaAgO3,-0.04,-2.019,-1.696710000000002
VPdO3,0.62,-0.525,-0.5017699999999994
CsAlO3,0.96,-1.56,-1.5887500000000012
LaPtO3,2.0,-2.127,-2.0713500000000025
CaNiO3,0.74,-1.67,-1.7216399999999985
BeAgO3,1.68,0.433,0.17952999999999988
LaRhO3,1.28,-2.386,-2.302369999999999
BiWO3,1.44,-1.414,-1.473629999999999
TaAsO3,1.1,-0.3829999999999999,-0.5013500000000003
InTeO3,0.8,-0.981,-0.9376799999999997
NaGeO3,0.38,-1.561,-1.7123800000000025
CsTlO3,1.28,-0.5670000000000001,-0.7318999999999994
NaReO3,-0.04,-1.932,-1.9142199999999976
YFeO3,2.02,-2.758,-2.7366100000000015
TaCoO3,1.22,-0.878,-1.02185
FeIrO3,1.54,-0.426,-0.4163399999999999
VSbO3,0.98,-1.161,-1.1659900000000007
BiPdO3,1.02,-1.006,-0.8876000000000002
LaMnO3,-0.12,-2.932,-2.8875599999999992
LaZrO3,0.14,-3.42,-3.3871900000000004
AlSbO3,0.32,-1.11,-1.1061399999999995
ZnAgO3,1.62,0.098,-0.4058200000000003
MoOsO3,1.42,-0.247,-0.2938499999999999
SrPbO3,1.34,-1.995,-1.9112800000000016
TlSbO3,0.56,-1.277,-1.2403000000000002
RbBO3,1.6,-0.3989999999999999,-0.5272200000000005
