formula_pretty,a_site_element,b_site_element,lowest_distortion,formation_energy_per_atom,energy_above_hull,magnetic_moment,volume_per_atom,band_gap_pbe,lattice_a,lattice_b,lattice_c,lattice_alpha,lattice_beta,lattice_gamma,e_form_oxygen,source,stable,perovskite_type,magpie_Z_mean,magpie_Z_wmean,magpie_Z_min,magpie_Z_max,magpie_Z_range,magpie_Z_std,magpie_atomic_mass_mean,magpie_atomic_mass_wmean,magpie_atomic_mass_min,magpie_atomic_mass_max,magpie_atomic_mass_range,magpie_atomic_mass_std,magpie_X_mean,magpie_X_wmean,magpie_X_min,magpie_X_max,magpie_X_range,magpie_X_std,magpie_atomic_radius_mean,magpie_atomic_radius_wmean,magpie_atomic_radius_min,magpie_atomic_radius_max,magpie_atomic_radius_range,magpie_atomic_radius_std,magpie_row_mean,magpie_row_wmean,magpie_row_min,magpie_row_max,magpie_row_range,magpie_row_std,magpie_group_mean,magpie_group_wmean,magpie_group_min,magpie_group_max,magpie_group_range,magpie_group_std,magpie_mendeleev_no_mean,magpie_mendeleev_no_wmean,magpie_mendeleev_no_min,magpie_mendeleev_no_max,magpie_mendeleev_no_range,magpie_mendeleev_no_std,magpie_electrical_resistivity_mean,magpie_electrical_resistivity_wmean,magpie_electrical_resistivity_min,magpie_electrical_resistivity_max,magpie_electrical_resistivity_range,magpie_electrical_resistivity_std,magpie_velocity_of_sound_mean,magpie_velocity_of_sound_wmean,magpie_velocity_of_sound_min,magpie_velocity_of_sound_max,magpie_velocity_of_sound_range,magpie_velocity_of_sound_std,magpie_thermal_conductivity_mean,magpie_thermal_conductivity_wmean,magpie_thermal_conductivity_min,magpie_thermal_conductivity_max,magpie_thermal_conductivity_range,magpie_thermal_conductivity_std,magpie_melting_point_mean,magpie_melting_point_wmean,magpie_melting_point_min,magpie_melting_point_max,magpie_melting_point_range,magpie_melting_point_std,magpie_bulk_modulus_mean,magpie_bulk_modulus_wmean,magpie_bulk_modulus_min,magpie_bulk_modulus_max,magpie_bulk_modulus_range,magpie_bulk_modulus_std,magpie_youngs_modulus_mean,magpie_youngs_modulus_wmean,magpie_youngs_modulus_min,magpie_youngs_modulus_max,magpie_youngs_modulus_range,magpie_youngs_modulus_std,magpie_brinell_hardness_mean,magpie_brinell_hardness_wmean,magpie_brinell_hardness_min,magpie_brinell_hardness_max,magpie_brinell_hardness_range,magpie_brinell_hardness_std,magpie_rigidity_modulus_mean,magpie_rigidity_modulus_wmean,magpie_rigidity_modulus_min,magpie_rigidity_modulus_max,magpie_rigidity_modulus_range,magpie_rigidity_modulus_std,magpie_density_mean,magpie_density_wmean,magpie_density_min,magpie_density_max,magpie_density_range,magpie_density_std,phys_tolerance_factor,phys_octahedral_factor,phys_electroneg_diff_AB,phys_radius_ratio_AB,phys_b_site_valence,phys_a_site_radius,phys_b_site_radius,phys_a_site_en,phys_b_site_en,phys_b_site_row,phys_b_site_group,phys_in_stable_zone,phys_stability_score,struct_ba_ratio,struct_ca_ratio,struct_abc_spread,struct_lattice_alpha_dev,struct_lattice_beta_dev,struct_lattice_gamma_dev,struct_vpa,struct_band_gap,struct_mag_moment,struct_distort_cubic,struct_distort_orthorhombic,struct_distort_rhombohedral,struct_distort_tetragonal,anomaly_type,surprise
ThPbO3,Th,Pb,cubic,-1.484,1.586,0.002,16.36,0.0,4.341,4.341,4.341,90.0,90.0,90.0,-0.361,wolverton_oxides,0,single_ABO3,60.0,39.2,8.0,90.0,82.0,36.914315199752345,151.74582,97.447252,15.9994,232.03806,216.03866,96.52132825876085,2.356666666666667,2.79,1.3,3.44,2.14,0.8738548061447177,1.4,1.08,0.6,1.8,1.2000000000000002,0.565685424949238,5.0,3.8000000000000007,2.0,7.0,5.0,2.160246899469287,11.0,13.0,3.0,16.0,13.0,5.715476066494082,76.66666666666667,86.4,47.0,101.0,54.0,22.365648262955,1.8e-07,1.8000000000000002e-07,1.5e-07,2.1e-07,6.000000000000002e-08,3.0000000000000004e-08,1355.8333333333333,940.5,317.5,2490.0,2172.5,889.5043875976979,29.675526666666663,17.815948000000002,0.02658,54.0,53.97342,22.353896436372985,923.47,576.0020000000001,54.8,2115.0,2060.2,871.5063375940915,50.0,50.0,46.0,54.0,8.0,4.0,47.5,47.5,16.0,79.0,63.0,31.5,219.15,219.15,38.3,400.0,361.7,180.85,18.3,18.3,5.6,31.0,25.4,12.7,11532.0,11532.0,11340.0,11724.0,384.0,192.0,0.8062642838356955,0.5535714285714286,1.03,1.3935483870967742,2.0,1.08,0.775,1.3,2.33,6.0,14.0,1,0.6396816168708479,1.0,1.0,0.0,0.0,0.0,0.0,16.36,0.0,0.002,1,0,0,0,unexpectly_unstable,1.586
ThHgO3,Th,Hg,cubic,-1.331,1.393,0,15.33,0.0,4.248,4.248,4.248,90.0,90.0,90.0,-1.766,wolverton_oxides,0,single_ABO3,59.333333333333336,38.8,8.0,90.0,82.0,36.527006751473934,149.54248666666666,96.125252,15.9994,232.03806,216.03866,95.29799619014918,2.2466666666666666,2.724,1.3,3.44,2.14,0.8908921870175363,1.3,1.02,0.6,1.8,1.2000000000000002,0.5099019513592785,5.0,3.8000000000000007,2.0,7.0,5.0,2.160246899469287,10.333333333333334,12.6,3.0,16.0,13.0,5.436502143433364,74.0,84.8,47.0,101.0,54.0,22.0454076850486,5.55e-07,5.55e-07,1.5e-07,9.6e-07,8.099999999999999e-07,4.05e-07,1404.8333333333333,969.9,317.5,2490.0,2172.5,886.9207342761183,20.775526666666668,12.475948,0.02658,54.0,53.97342,23.734806941594357,801.3733333333334,502.744,54.8,2115.0,2060.2,931.7611003303846,39.5,39.5,25.0,54.0,29.0,14.5,79.0,79.0,79.0,79.0,0.0,0.0,400.0,400.0,400.0,400.0,0.0,0.0,31.0,31.0,31.0,31.0,0.0,0.0,11724.0,11724.0,11724.0,11724.0,0.0,0.0,0.839054936527578,0.4928571428571428,0.7,1.565217391304348,3.0,1.08,0.69,1.3,2.0,6.0,12.0,1,0.7314365697475996,1.0,1.0,0.0,0.0,0.0,0.0,15.33,0.0,0.0,1,0,0,0,unexpectly_unstable,1.393
ScHgO3,Sc,Hg,cubic,-0.725,1.361,0.017,14.268,0.0,4.147,4.147,4.147,90.0,90.0,90.0,-3.25,wolverton_oxides,0,single_ABO3,36.333333333333336,25.0,8.0,80.0,72.0,31.329787033357817,87.18177066666665,58.7088224,15.9994,200.59,184.5906,81.05837302912424,2.266666666666667,2.736,1.36,3.44,2.08,0.8698403429493381,1.2333333333333334,0.98,0.6,1.6,1.0,0.4496912521077347,4.0,3.2,2.0,6.0,4.0,1.632993161855452,10.333333333333334,12.6,3.0,16.0,13.0,5.436502143433364,64.66666666666667,79.19999999999999,19.0,101.0,82.0,34.120700787384514,7.55e-07,7.550000000000001e-07,5.5e-07,9.6e-07,4.099999999999999e-07,2.0499999999999997e-07,862.25,589.875,317.5,1407.0,1089.5,544.75,8.10886,4.875948,0.02658,16.0,15.97342,6.522521879293826,701.0400000000001,442.544,54.8,1814.0,1759.2,790.386752925427,41.0,40.99999999999999,25.0,57.0,32.0,16.0,74.0,74.0,74.0,74.0,0.0,0.0,750.0,750.0,750.0,750.0,0.0,0.0,29.0,29.000000000000004,29.0,29.0,0.0,0.0,2985.0,2985.0,2985.0,2985.0,0.0,0.0,0.8322883644588072,0.4928571428571428,0.6399999999999999,1.5362318840579712,3.0,1.06,0.69,1.36,2.0,6.0,12.0,1,0.7002814059922416,1.0,1.0,0.0,0.0,0.0,0.0,14.268,0.0,0.017,1,0,0,0,unexpectly_unstable,1.361
ThSbO3,Th,Sb,cubic,-1.71,1.359,0.002,15.58,0.0,4.271,4.271,4.271,90.0,90.0,90.0,-0.8029999999999999,wolverton_oxides,0,single_ABO3,49.66666666666666,33.0,8.0,90.0,82.0,33.48963355361709,123.26582,80.359252,15.9994,232.03806,216.03866,88.20384071022909,2.263333333333333,2.734,1.3,3.44,2.14,0.8865789430288892,1.2833333333333334,1.01,0.6,1.8,1.2000000000000002,0.5038738819276991,4.666666666666667,3.6000000000000005,2.0,7.0,5.0,2.0548046676563256,11.333333333333334,13.2,3.0,16.0,13.0,5.90668171555645,78.66666666666667,87.6,47.0,101.0,54.0,23.01207412545761,2.75e-07,2.75e-07,1.5e-07,4e-07,2.5e-07,1.25e-07,2075.833333333333,1372.5,317.5,3420.0,3102.5,1300.0069444258963,26.00886,15.615948,0.02658,54.0,53.97342,22.08029521992856,1024.5266666666666,636.636,54.8,2115.0,2060.2,845.3956975418212,48.0,48.00000000000001,42.0,54.0,12.0,6.0,67.0,67.0,55.0,79.0,24.0,12.0,347.0,347.0,294.0,400.0,106.0,53.0,25.5,25.5,20.0,31.0,11.0,5.5,9210.5,9210.5,6697.0,11724.0,5027.0,2513.5,0.8768124086713188,0.4285714285714286,0.7499999999999998,1.8000000000000005,5.0,1.08,0.6,1.3,2.05,5.0,15.0,1,0.6443982490440594,1.0,1.0,0.0,0.0,0.0,0.0,15.58,0.0,0.002,1,0,0,0,unexpectly_unstable,1.359
SmUO3,Sm,U,cubic,-2.301,1.269,0.581,22.751,0.0,4.845,4.845,4.845,90.0,90.0,90.0,-1.117,wolverton_oxides,0,single_ABO3,54.0,35.6,8.0,92.0,84.0,34.75629439396553,134.79610333333332,87.277422,15.9994,238.02891,222.02951,91.30882391568385,1.9966666666666668,2.574,1.17,3.44,2.27,1.024185313093073,1.4,1.08,0.6,1.85,1.25,0.5671566509057853,5.0,3.8000000000000007,2.0,7.0,5.0,2.160246899469287,7.333333333333333,10.8,3.0,16.0,13.0,6.128258770283413,58.0,75.19999999999999,28.0,101.0,73.0,31.187604375242845,6.1e-07,6.1e-07,2.8e-07,9.4e-07,6.6e-07,3.3e-07,1867.5,1247.5,317.5,3155.0,2837.5,1173.1812164651576,13.342193333333334,8.015948,0.02658,27.0,26.97342,11.014510696716805,935.0333333333334,582.9399999999999,54.8,1405.3,1350.5,622.9055912058869,69.0,69.0,38.0,100.0,62.0,31.0,129.0,129.0,50.0,208.0,158.0,79.0,1420.5,1420.5,441.0,2400.0,1959.0,979.5,65.5,65.5,20.0,111.0,91.0,45.5,13201.5,13201.5,7353.0,19050.0,11697.0,5848.5,0.8116356097097762,0.6428571428571429,0.2099999999999999,1.3777777777777778,3.0,1.24,0.9,1.17,1.38,7.0,3.0,1,0.6145107558636955,1.0,1.0,0.0,0.0,0.0,0.0,22.751,0.0,0.581,1,0,0,0,unexpectly_unstable,1.269
PaSbO3,Pa,Sb,cubic,-1.13,1.256,0.481,15.457,0.0,4.26,4.26,4.26,90.0,90.0,90.0,-0.278,wolverton_oxides,0,single_ABO3,50.0,33.2,8.0,91.0,83.0,33.891985286593446,122.93176,80.158816,15.9994,231.03588,215.03648,87.79218529694921,2.33,2.774,1.5,3.44,1.94,0.8163740972536222,1.2833333333333334,1.01,0.6,1.8,1.2000000000000002,0.5038738819276991,4.666666666666667,3.6000000000000005,2.0,7.0,5.0,2.0548046676563256,11.333333333333334,13.2,3.0,16.0,13.0,5.90668171555645,78.33333333333333,87.4,46.0,101.0,55.0,23.471022323045258,2.9e-07,2.9e-07,1.8e-07,4e-07,2.2e-07,1.1e-07,1868.75,1093.125,317.5,3420.0,3102.5,1551.25,23.675526666666663,14.215948,0.02658,47.0,46.97342,19.17819089195039,933.1933333333332,581.836,54.8,1841.0,1786.2,729.5096381055489,42.0,42.0,42.0,42.0,0.0,0.0,55.0,55.0,55.0,55.0,0.0,0.0,294.0,294.0,294.0,294.0,0.0,0.0,20.0,20.0,20.0,20.0,0.0,0.0,11033.5,11033.499999999998,6697.0,15370.0,8673.0,4336.5,0.8626702730475879,0.4285714285714286,0.5499999999999998,1.7333333333333334,5.0,1.04,0.6,1.5,2.05,5.0,15.0,1,0.6174047020790683,1.0,1.0,0.0,0.0,0.0,0.0,15.457,0.0,0.481,1,0,0,0,unexpectly_unstable,1.256
ThSnO3,Th,Sn,cubic,-1.912,1.245,0.002,14.743,0.0,4.193,4.193,4.193,90.0,90.0,90.0,-0.4529999999999999,wolverton_oxides,0,single_ABO3,49.333333333333336,32.8,8.0,90.0,82.0,33.47967874530592,122.24915333333333,79.749252,15.9994,232.03806,216.03866,88.23291093609963,2.233333333333333,2.716,1.3,3.44,2.14,0.8947749561885503,1.2833333333333334,1.01,0.6,1.8,1.2000000000000002,0.5038738819276991,4.666666666666667,3.6000000000000005,2.0,7.0,5.0,2.0548046676563256,11.0,13.0,3.0,16.0,13.0,5.715476066494082,77.0,86.6,47.0,101.0,54.0,22.44994432064365,1.325e-07,1.325e-07,1.15e-07,1.5e-07,3.5e-08,1.7499999999999998e-08,1769.1666666666667,1188.5,317.5,2500.0,2182.5,1026.491462323103,40.34219333333333,24.215948000000004,0.02658,67.0,66.97342,28.997258592634044,891.6266666666667,556.896,54.8,2115.0,2060.2,884.3716240485231,56.0,56.0,54.0,58.0,4.0,2.0,64.5,64.5,50.0,79.0,29.0,14.5,225.5,225.5,51.0,400.0,349.0,174.5,24.5,24.5,18.0,31.0,13.0,6.5,9517.0,9517.0,7310.0,11724.0,4414.0,2207.0,0.839054936527578,0.4928571428571428,0.6599999999999999,1.565217391304348,4.0,1.08,0.69,1.3,1.96,5.0,14.0,1,0.7314365697475996,1.0,1.0,0.0,0.0,0.0,0.0,14.743,0.0,0.002,1,0,0,0,unexpectly_unstable,1.245
LuPbO3,Lu,Pb,cubic,-1.358,1.239,0,15.545,0.0,4.268,4.268,4.268,90.0,90.0,90.0,0.427,wolverton_oxides,0,single_ABO3,53.66666666666666,35.4,8.0,82.0,74.0,32.601976763516795,132.72213333333335,86.03304,15.9994,207.2,191.2006,83.57786361572596,2.3466666666666667,2.784,1.27,3.44,2.17,0.885977175527426,1.383333333333333,1.07,0.6,1.8,1.2000000000000002,0.554276304943863,4.666666666666667,3.6000000000000005,2.0,6.0,4.0,1.8856180831641267,11.0,13.0,3.0,16.0,13.0,5.715476066494082,67.66666666666667,81.0,20.0,101.0,81.0,34.58644564308715,3.95e-07,3.9500000000000003e-07,2.1e-07,5.8e-07,3.7000000000000006e-07,1.8500000000000003e-07,788.75,553.125,317.5,1260.0,942.5,471.25,17.008860000000002,10.215948,0.02658,35.0,34.97342,14.295649116632188,860.1366666666668,538.002,54.8,1925.0,1870.2,785.2505239447826,47.0,47.00000000000001,46.0,48.0,2.0,1.0,42.5,42.5,16.0,69.0,53.0,26.5,465.65,465.65,38.3,893.0,854.7,427.35,16.3,16.3,5.6,27.0,21.4,10.7,10590.5,10590.499999999998,9841.0,11340.0,1499.0,749.5,0.814391947987265,0.5535714285714286,1.06,1.4258064516129032,2.0,1.105,0.775,1.27,2.33,6.0,14.0,1,0.6880440587091252,1.0,1.0,0.0,0.0,0.0,0.0,15.545,0.0,0.0,1,0,0,0,unexpectly_unstable,1.239
ScSbO3,Sc,Sb,cubic,-1.515,1.178,0.2,13.968,0.0,4.118,4.118,4.118,90.0,90.0,90.0,1.271,wolverton_oxides,0,single_ABO3,26.666666666666668,19.200000000000003,8.0,51.0,43.0,18.00617178142601,60.905104,42.9428224,15.9994,121.76,105.7606,44.62516981987967,2.283333333333333,2.746,1.36,3.44,2.08,0.8650369292052732,1.2166666666666666,0.97,0.6,1.6,1.0,0.4403281604540969,3.6666666666666665,3.0,2.0,5.0,3.0,1.247219128924647,11.333333333333334,13.2,3.0,16.0,13.0,5.90668171555645,69.33333333333333,82.0,19.0,101.0,82.0,35.98456459218159,4.75e-07,4.75e-07,4e-07,5.5e-07,1.5000000000000005e-07,7.500000000000002e-08,1868.75,1093.125,317.5,3420.0,3102.5,1551.25,13.342193333333334,8.015948,0.02658,24.0,23.97342,9.965914202324283,924.1933333333332,576.436,54.8,1814.0,1759.2,718.3354314586528,49.5,49.5,42.0,57.0,15.0,7.5,64.5,64.5,55.0,74.0,19.0,9.5,522.0,522.0,294.0,750.0,456.0,228.0,24.5,24.5,20.0,29.0,9.0,4.5,4841.0,4841.0,2985.0,6697.0,3712.0,1856.0,0.8697413408594534,0.4285714285714286,0.6899999999999997,1.7666666666666668,5.0,1.06,0.6,1.36,2.05,5.0,15.0,1,0.6323359573806842,1.0,1.0,0.0,0.0,0.0,0.0,13.968,0.0,0.2,1,0,0,0,unexpectly_unstable,1.178
LuSbO3,Lu,Sb,cubic,-1.597,1.1740000000000002,0,14.726,0.0,4.191,4.191,4.191,90.0,90.0,90.0,0.01,wolverton_oxides,0,single_ABO3,43.333333333333336,29.200000000000003,8.0,71.0,63.0,26.284765338288427,104.24213333333334,68.94504,15.9994,174.967,158.9676,66.06981762677687,2.2533333333333334,2.728,1.27,3.44,2.17,0.8974903280196889,1.2666666666666668,1.0,0.6,1.75,1.15,0.4870546398734152,4.333333333333333,3.4000000000000004,2.0,6.0,4.0,1.699673171197595,11.333333333333334,13.2,3.0,16.0,13.0,5.90668171555645,69.66666666666667,82.19999999999999,20.0,101.0,81.0,35.51838334659329,4.9e-07,4.9e-07,4e-07,5.8e-07,1.7999999999999997e-07,9e-08,1868.75,1093.125,317.5,3420.0,3102.5,1551.25,13.342193333333334,8.015948,0.02658,24.0,23.97342,9.965914202324283,961.1933333333332,598.636,54.8,1925.0,1870.2,764.5845181680194,45.0,45.0,42.0,48.0,6.0,3.0,62.0,62.0,55.0,69.0,14.0,7.0,593.5,593.5,294.0,893.0,599.0,299.5,23.5,23.5,20.0,27.0,7.0,3.5,8269.0,8269.0,6697.0,9841.0,3144.0,1572.0,0.8856512434361506,0.4285714285714286,0.7799999999999998,1.8416666666666668,5.0,1.105,0.6,1.27,2.05,5.0,15.0,1,0.6551772521176619,1.0,1.0,0.0,0.0,0.0,0.0,14.726,0.0,0.0,1,0,0,0,unexpectly_unstable,1.1740000000000002
LuHgO3,Lu,Hg,cubic,-1.018,1.144,-0.005,14.494000000000002,0.0,4.169,4.169,4.169,90.0,90.0,90.0,-1.412,wolverton_oxides,0,single_ABO3,53.0,35.0,8.0,80.0,72.0,32.03123475609393,130.5188,84.71104,15.9994,200.59,184.5906,81.6502878726095,2.236666666666667,2.718,1.27,3.44,2.17,0.9015665378784986,1.2833333333333334,1.0100000000000002,0.6,1.75,1.15,0.4938510796676351,4.666666666666667,3.6000000000000005,2.0,6.0,4.0,1.8856180831641267,10.333333333333334,12.6,3.0,16.0,13.0,5.436502143433364,65.0,79.39999999999999,20.0,101.0,81.0,33.67491648096547,7.699999999999999e-07,7.699999999999999e-07,5.8e-07,9.6e-07,3.8e-07,1.9e-07,862.25,589.875,317.5,1407.0,1089.5,544.75,8.10886,4.875948,0.02658,16.0,15.97342,6.522521879293826,738.0400000000001,464.744,54.8,1925.0,1870.2,842.501192402717,36.5,36.5,25.0,48.0,23.0,11.5,69.0,69.0,69.0,69.0,0.0,0.0,893.0,893.0000000000001,893.0,893.0,0.0,0.0,27.0,27.0,27.0,27.0,0.0,0.0,9841.0,9841.0,9841.0,9841.0,0.0,0.0,0.8475131516135415,0.4928571428571428,0.73,1.6014492753623188,3.0,1.105,0.69,1.27,2.0,6.0,12.0,1,0.767379972435991,1.0,1.0,0.0,0.0,0.0,0.0,14.494000000000002,0.0,-0.005,1,0,0,0,unexpectly_unstable,1.144
PaIrO3,Pa,Ir,cubic,-1.037,1.142,0.335,12.776,0.0,3.997,3.997,3.997,90.0,90.0,90.0,-1.955,wolverton_oxides,0,single_ABO3,58.66666666666666,38.4,8.0,91.0,83.0,36.2797770420688,146.41742666666667,94.250216,15.9994,231.03588,215.03648,93.57126560661,2.3800000000000003,2.8040000000000003,1.5,3.44,1.94,0.8021637405584141,1.2500000000000002,0.99,0.6,1.8,1.2000000000000002,0.4949747468305833,5.0,3.8000000000000007,2.0,7.0,5.0,2.160246899469287,9.333333333333334,12.0,3.0,16.0,13.0,5.312459150169743,71.0,83.0,46.0,101.0,55.0,22.73030282830976,1.135e-07,1.135e-07,4.7e-08,1.8e-07,1.33e-07,6.65e-08,2571.25,1444.375,317.5,4825.0,4507.5,2253.75,65.67552666666667,39.415948,0.02658,150.0,149.97342,62.634325779783794,1544.9333333333334,948.88,54.8,2739.0,2684.2,1115.638535647735,320.0,320.0,320.0,320.0,0.0,0.0,528.0,528.0,528.0,528.0,0.0,0.0,1670.0,1670.0,1670.0,1670.0,0.0,0.0,210.0,210.0,210.0,210.0,0.0,0.0,19010.0,19010.0,15370.0,22650.0,7280.0,3640.0,0.8520200227630498,0.4464285714285714,0.7000000000000002,1.664,4.0,1.04,0.625,1.5,2.2,6.0,9.0,1,0.6492424213407001,1.0,1.0,0.0,0.0,0.0,0.0,12.776,0.0,0.335,1,0,0,0,unexpectly_unstable,1.142
PaPtO3,Pa,Pt,cubic,-0.96,1.136,0.358,13.395,0.0,4.061,4.061,4.061,90.0,90.0,90.0,-1.815,wolverton_oxides,0,single_ABO3,59.0,38.6,8.0,91.0,83.0,36.45088019056147,147.37309333333332,94.823616,15.9994,231.03588,215.03648,94.04757623640684,2.4066666666666667,2.8200000000000003,1.5,3.44,1.94,0.797050116924205,1.2500000000000002,0.99,0.6,1.8,1.2000000000000002,0.4949747468305833,5.0,3.8000000000000007,2.0,7.0,5.0,2.160246899469287,9.666666666666666,12.2,3.0,16.0,13.0,5.312459150169743,71.66666666666667,83.4,46.0,101.0,55.0,22.60285134421958,1.43e-07,1.4300000000000002e-07,1.06e-07,1.8e-07,7.4e-08,3.7e-08,1498.75,908.125,317.5,2680.0,2362.5,1181.25,39.67552666666666,23.815948,0.02658,72.0,71.97342,29.83598754113488,1312.4,809.36,54.8,2041.4,1986.6,893.0130122232263,230.0,230.0,230.0,230.0,0.0,0.0,168.0,168.0,168.0,168.0,0.0,0.0,392.0,392.0,392.0,392.0,0.0,0.0,61.0,61.0,61.0,61.0,0.0,0.0,18230.0,18230.0,15370.0,21090.0,5720.0,2860.0,0.8520200227630498,0.4464285714285714,0.7799999999999998,1.664,4.0,1.04,0.625,1.5,2.28,6.0,10.0,1,0.6492424213407001,1.0,1.0,0.0,0.0,0.0,0.0,13.395,0.0,0.358,1,0,0,0,unexpectly_unstable,1.136
ThAsO3,Th,As,cubic,-1.892,1.132,0,13.529000000000002,0.0,4.075,4.075,4.075,90.0,90.0,90.0,1.662,wolverton_oxides,0,single_ABO3,43.66666666666666,29.4,8.0,90.0,82.0,34.31552936434983,107.65301999999998,70.99157199999999,15.9994,232.03806,216.03866,91.18364270365308,2.306666666666666,2.76,1.3,3.44,2.14,0.8782305442700618,1.1833333333333331,0.95,0.6,1.8,1.2000000000000002,0.4904646323187387,4.333333333333333,3.4000000000000004,2.0,7.0,5.0,2.0548046676563256,11.333333333333334,13.2,3.0,16.0,13.0,5.90668171555645,79.0,87.8,47.0,101.0,54.0,23.15167380558045,2.400000000000001e-07,2.400000000000001e-07,1.5e-07,3.3e-07,1.8000000000000002e-07,9.000000000000001e-08,1403.75,860.625,317.5,2490.0,2172.5,1086.25,34.67552666666666,20.815948,0.02658,54.0,53.97342,24.554865489784756,1086.6,673.88,54.8,2115.0,2060.2,841.0765640931072,38.0,38.0,22.0,54.0,32.0,16.0,43.5,43.5,8.0,79.0,71.0,35.5,920.0,920.0,400.0,1440.0,1040.0,520.0,31.0,31.0,31.0,31.0,0.0,0.0,8725.5,8725.5,5727.0,11724.0,5997.0,2998.5,0.8768124086713188,0.4285714285714286,0.8800000000000001,1.8000000000000005,3.0,1.08,0.6,1.3,2.18,4.0,15.0,1,0.6443982490440594,1.0,1.0,0.0,0.0,0.0,0.0,13.529000000000002,0.0,0.0,1,0,0,0,unexpectly_unstable,1.132
ErPbO3,Er,Pb,cubic,-1.44,1.125,0,15.602,0.0,4.273,4.273,4.273,90.0,90.0,90.0,0.493,wolverton_oxides,0,single_ABO3,52.66666666666666,34.800000000000004,8.0,82.0,74.0,32.097074979228594,130.15279999999998,84.49143999999998,15.9994,207.2,191.2006,82.3491344577869,2.3366666666666664,2.778,1.24,3.44,2.2,0.898158610095616,1.383333333333333,1.07,0.6,1.8,1.2000000000000002,0.554276304943863,4.666666666666667,3.6000000000000005,2.0,6.0,4.0,1.8856180831641267,11.0,13.0,3.0,16.0,13.0,5.715476066494082,68.33333333333333,81.4,22.0,101.0,79.0,33.66831679124389,5.35e-07,5.35e-07,2.1e-07,8.6e-07,6.5e-07,3.25e-07,1469.1666666666667,1008.5,317.5,2830.0,2512.5,1036.3323415884608,16.675526666666666,10.015948,0.02658,35.0,34.97342,14.326911014640324,819.1366666666668,513.402,54.8,1802.0,1747.2,729.8366885969917,45.0,45.0,44.0,46.0,2.0,1.0,43.0,42.99999999999999,16.0,70.0,54.0,27.0,426.15,426.15,38.3,814.0,775.7,387.85,16.8,16.8,5.6,28.0,22.4,11.2,10203.0,10202.999999999998,9066.0,11340.0,2274.0,1137.0,0.8270711040637133,0.5535714285714286,1.09,1.4761290322580642,2.0,1.144,0.775,1.24,2.33,6.0,14.0,1,0.76079094563586,1.0,1.0,0.0,0.0,0.0,0.0,15.602,0.0,0.0,1,0,0,0,unexpectly_unstable,1.125
PaOsO3,Pa,Os,cubic,-1.092,1.116,0.291,12.579,0.0,3.977,3.977,3.977,90.0,90.0,90.0,-1.791,wolverton_oxides,0,single_ABO3,58.333333333333336,38.2,8.0,91.0,83.0,36.11401697709938,145.75509333333332,93.852816,15.9994,231.03588,215.03648,93.25121956290664,2.3800000000000003,2.8040000000000003,1.5,3.44,1.94,0.8021637405584141,1.2333333333333334,0.98,0.6,1.8,1.2000000000000002,0.4921607686744467,5.0,3.8000000000000007,2.0,7.0,5.0,2.160246899469287,9.0,11.8,3.0,16.0,13.0,5.354126134736337,70.0,82.4,46.0,101.0,55.0,22.992752481307377,1.305e-07,1.305e-07,8.1e-08,1.8e-07,9.9e-08,4.95e-08,2628.75,1473.125,317.5,4940.0,4622.5,2311.25,45.00886,27.015948,0.02658,88.0,87.97342,35.94258509993218,1733.9333333333334,1062.2800000000002,54.8,3306.0,3251.2,1329.4542272008548,78.5,78.49999999999999,40.0,110.0,33.7,16.85,74.0,74.0,47.0,96.0,34.6,17.3,3920.0,3920.0,3920.0,3920.0,0.0,0.0,222.0,222.00000000000003,222.0,222.0,0.0,0.0,18990.0,18990.0,15370.0,22610.0,7240.0,3620.0,0.8275014609569189,0.4892857142857144,0.7000000000000002,1.5182481751824817,3.0,1.04,0.685,1.5,2.2,6.0,8.0,1,0.6693784826646602,1.0,1.0,0.0,0.0,0.0,0.0,12.579,0.0,0.291,1,0,0,0,unexpectly_unstable,1.116
TmSbO3,Tm,Sb,cubic,-1.6469999999999998,1.109,0,14.768,0.0,4.195,4.195,4.195,90.0,90.0,90.0,0.3339999999999999,wolverton_oxides,0,single_ABO3,42.66666666666666,28.8,8.0,69.0,61.0,25.590796956892312,102.23120333333333,67.738482,15.9994,168.93421,152.93481,63.9442176268766,2.2466666666666666,2.724,1.25,3.44,2.19,0.9048142841980829,1.2666666666666668,1.0,0.6,1.75,1.15,0.4870546398734152,4.333333333333333,3.4000000000000004,2.0,6.0,4.0,1.699673171197595,11.333333333333334,13.2,3.0,16.0,13.0,5.90668171555645,70.0,82.39999999999999,21.0,101.0,80.0,35.05234181430203,5.38e-07,5.38e-07,4e-07,6.76e-07,2.76e-07,1.38e-07,1868.75,1093.125,317.5,3420.0,3102.5,1551.25,13.675526666666668,8.215948000000001,0.02658,24.0,23.97342,10.065462692863266,925.5266666666666,577.236,54.8,1818.0,1763.2,719.9876147700197,43.5,43.49999999999999,42.0,45.0,3.0,1.5,64.5,64.5,55.0,74.0,19.0,9.5,382.5,382.5,294.0,471.0,177.0,88.5,25.5,25.5,20.0,31.0,11.0,5.5,8009.0,8009.000000000001,6697.0,9321.0,2624.0,1312.0,0.8944900782009825,0.4285714285714286,0.7999999999999998,1.8833333333333333,5.0,1.13,0.6,1.25,2.05,5.0,15.0,1,0.6609526423217539,1.0,1.0,0.0,0.0,0.0,0.0,14.768,0.0,0.0,1,0,0,0,unexpectly_unstable,1.109
ThIrO3,Th,Ir,cubic,-1.754,1.107,0,12.993,0.0,4.02,4.02,4.02,90.0,90.0,90.0,-0.5920000000000001,wolverton_oxides,0,single_ABO3,58.333333333333336,38.2,8.0,90.0,82.0,35.98456459218159,146.75148666666666,94.450652,15.9994,232.03806,216.03866,93.87406574997708,2.313333333333333,2.764,1.3,3.44,2.14,0.8773191488215043,1.2500000000000002,0.99,0.6,1.8,1.2000000000000002,0.4949747468305833,5.0,3.8000000000000007,2.0,7.0,5.0,2.160246899469287,9.333333333333334,12.0,3.0,16.0,13.0,5.312459150169743,71.33333333333333,83.19999999999999,47.0,101.0,54.0,22.365648262955,9.85e-08,9.85e-08,4.7e-08,1.5e-07,1.03e-07,5.15e-08,2544.1666666666665,1653.5,317.5,4825.0,4507.5,1840.5777323679893,68.00886,40.815948,0.02658,150.0,149.97342,62.02253781488791,1636.2666666666669,1003.68,54.8,2739.0,2684.2,1146.915170746681,187.0,187.0,54.0,320.0,266.0,133.0,303.5,303.5,79.0,528.0,449.0,224.5,1035.0,1035.0,400.0,1670.0,1270.0,635.0,120.5,120.5,31.0,210.0,179.0,89.5,17187.0,17187.0,11724.0,22650.0,10926.0,5463.0,0.8659875641198211,0.4464285714285714,0.9000000000000001,1.7280000000000002,4.0,1.08,0.625,1.3,2.2,6.0,9.0,1,0.6875041037321449,1.0,1.0,0.0,0.0,0.0,0.0,12.993,0.0,0.0,1,0,0,0,unexpectly_unstable,1.107
ThReO3,Th,Re,cubic,-1.953,1.102,0.019,12.73,0.0,3.993,3.993,3.993,90.0,90.0,90.0,0.644,wolverton_oxides,0,single_ABO3,57.66666666666666,37.8,8.0,90.0,82.0,35.64952859280034,144.7481533333333,93.248652,15.9994,232.03806,216.03866,92.94192677454215,2.2133333333333334,2.704,1.3,3.44,2.14,0.9013076919429654,1.2500000000000002,0.99,0.6,1.8,1.2000000000000002,0.4949747468305833,5.0,3.8000000000000007,2.0,7.0,5.0,2.160246899469287,8.666666666666666,11.6,3.0,16.0,13.0,5.436502143433364,68.66666666666667,81.6,47.0,101.0,54.0,23.299976156401723,1.65e-07,1.65e-07,1.5e-07,1.8e-07,3.0000000000000004e-08,1.5000000000000002e-08,2502.5,1628.5,317.5,4700.0,4382.5,1789.1699658407713,34.00886,20.415948000000004,0.02658,54.0,53.97342,24.15362658068556,1876.2666666666669,1147.6800000000003,54.8,3459.0,3404.2,1399.9737172136086,212.0,212.0,54.0,370.0,316.0,158.0,271.0,271.0,79.0,463.0,384.0,192.0,860.0,860.0,400.0,1320.0,920.0,460.0,104.5,104.5,31.0,178.0,147.0,73.5,16372.0,16372.0,11724.0,21020.0,9296.0,4648.0,0.839054936527578,0.4928571428571428,0.5999999999999999,1.565217391304348,3.0,1.08,0.69,1.3,1.9,6.0,7.0,1,0.7314365697475996,1.0,1.0,0.0,0.0,0.0,0.0,12.73,0.0,0.019,1,0,0,0,unexpectly_unstable,1.102
ThPtO3,Th,Pt,cubic,-1.6769999999999998,1.102,0,13.576,0.0,4.079,4.079,4.079,90.0,90.0,90.0,-0.628,wolverton_oxides,0,single_ABO3,58.66666666666666,38.4,8.0,90.0,82.0,36.160137659521645,147.70715333333334,95.024052,15.9994,232.03806,216.03866,94.34546395634338,2.34,2.78,1.3,3.44,2.14,0.874680894193229,1.2500000000000002,0.99,0.6,1.8,1.2000000000000002,0.4949747468305833,5.0,3.8000000000000007,2.0,7.0,5.0,2.160246899469287,9.666666666666666,12.2,3.0,16.0,13.0,5.312459150169743,72.0,83.6,47.0,101.0,54.0,22.22611077089287,1.2799999999999998e-07,1.2799999999999998e-07,1.06e-07,1.5e-07,4.4e-08,2.2e-08,1829.1666666666667,1224.5,317.5,2680.0,2362.5,1071.7204496613017,42.00886,25.215948000000004,0.02658,72.0,71.97342,30.581954106943524,1403.7333333333331,864.16,54.8,2115.0,2060.2,954.3130490334686,142.0,141.99999999999997,54.0,230.0,176.0,88.0,123.5,123.5,79.0,168.0,89.0,44.5,396.0,396.0,392.0,400.0,8.0,4.0,46.0,46.0,31.0,61.0,30.0,15.0,16407.0,16407.0,11724.0,21090.0,9366.0,4683.0,0.8659875641198211,0.4464285714285714,0.9799999999999998,1.7280000000000002,4.0,1.08,0.625,1.3,2.28,6.0,10.0,1,0.6875041037321449,1.0,1.0,0.0,0.0,0.0,0.0,13.576,0.0,0.0,1,0,0,0,unexpectly_unstable,1.102
ThOsO3,Th,Os,cubic,-1.793,1.097,0,12.684,0.0,3.988,3.988,3.988,90.0,90.0,90.0,-0.387,wolverton_oxides,0,single_ABO3,58.0,38.0,8.0,90.0,82.0,35.81433604950212,146.08915333333331,94.053252,15.9994,232.03806,216.03866,93.55742055724043,2.313333333333333,2.764,1.3,3.44,2.14,0.8773191488215043,1.2333333333333334,0.98,0.6,1.8,1.2000000000000002,0.4921607686744467,5.0,3.8000000000000007,2.0,7.0,5.0,2.160246899469287,9.0,11.8,3.0,16.0,13.0,5.354126134736337,70.33333333333333,82.6,47.0,101.0,54.0,22.647050335284035,1.155e-07,1.155e-07,8.1e-08,1.5e-07,6.9e-08,3.45e-08,2582.5,1676.5,317.5,4940.0,4622.5,1888.260884164756,47.34219333333333,28.415948000000004,0.02658,88.0,87.97342,36.2222348733678,1825.2666666666669,1117.08,54.8,3306.0,3251.2,1343.0151186374965,54.0,54.0,54.0,54.0,0.0,0.0,79.0,79.0,79.0,79.0,0.0,0.0,2160.0,2160.0,400.0,3920.0,3520.0,1760.0,126.5,126.5,31.0,222.0,191.0,95.5,17167.0,17167.0,11724.0,22610.0,10886.0,5443.0,0.8410670586775242,0.4892857142857144,0.9000000000000001,1.5766423357664234,3.0,1.08,0.685,1.3,2.2,6.0,8.0,1,0.7317924778568596,1.0,1.0,0.0,0.0,0.0,0.0,12.684,0.0,0.0,1,0,0,0,unexpectly_unstable,1.097
ScPtO3,Sc,Pt,cubic,-1.156,1.096,0.002,12.456,0.0,3.964,3.964,3.964,90.0,90.0,90.0,-1.253,wolverton_oxides,0,single_ABO3,35.666666666666664,24.6,8.0,78.0,70.0,30.40102337458761,85.34643733333333,57.6076224,15.9994,195.084,179.0846,78.49148315504038,2.36,2.792,1.36,3.44,2.08,0.8510385811857571,1.1833333333333331,0.95,0.6,1.6,1.0,0.4249182927993987,4.0,3.2,2.0,6.0,4.0,1.632993161855452,9.666666666666666,12.2,3.0,16.0,13.0,5.312459150169743,62.66666666666666,78.0,19.0,101.0,82.0,33.68811198166037,3.28e-07,3.28e-07,1.06e-07,5.5e-07,4.44e-07,2.22e-07,1498.75,908.125,317.5,2680.0,2362.5,1181.25,29.34219333333333,17.615948000000003,0.02658,72.0,71.97342,30.86048054099972,1303.4,803.96,54.8,2041.4,1986.6,887.7609137600056,143.5,143.5,57.0,230.0,173.0,86.5,121.0,121.0,74.0,168.0,94.0,47.0,571.0,571.0,392.0,750.0,358.0,179.0,45.0,45.0,29.0,61.0,32.0,16.0,12037.5,12037.5,2985.0,21090.0,18105.0,9052.5,0.8590037934414355,0.4464285714285714,0.9199999999999996,1.6960000000000002,4.0,1.06,0.625,1.36,2.28,6.0,10.0,1,0.6697306661227037,1.0,1.0,0.0,0.0,0.0,0.0,12.456,0.0,0.002,1,0,0,0,unexpectly_unstable,1.096
HoPbO3,Ho,Pb,cubic,-1.469,1.085,0,15.614,0.0,4.274,4.274,4.274,90.0,90.0,90.0,0.529,wolverton_oxides,0,single_ABO3,52.333333333333336,34.6,8.0,82.0,74.0,31.94091767971331,129.3765733333333,84.02570399999999,15.9994,207.2,191.2006,82.0059714761396,2.333333333333333,2.776,1.23,3.44,2.21,0.9022318007154382,1.383333333333333,1.07,0.6,1.8,1.2000000000000002,0.554276304943863,4.666666666666667,3.6000000000000005,2.0,6.0,4.0,1.8856180831641267,11.0,13.0,3.0,16.0,13.0,5.715476066494082,68.66666666666667,81.6,23.0,101.0,78.0,33.209770985191824,5.119999999999999e-07,5.12e-07,2.1e-07,8.14e-07,6.04e-07,3.02e-07,1445.8333333333333,994.5,317.5,2760.0,2442.5,1005.7673963474634,17.008860000000002,10.215948,0.02658,35.0,34.97342,14.295649116632188,796.4700000000001,499.802,54.8,1734.0,1679.2,699.3802088039571,43.0,43.00000000000001,40.0,46.0,6.0,3.0,40.5,40.49999999999999,16.0,65.0,49.0,24.5,392.15,392.15,38.3,746.0,707.7,353.85,15.8,15.8,5.6,26.0,20.4,10.2,10067.5,10067.5,8795.0,11340.0,2545.0,1272.5,0.830647276290404,0.5535714285714286,1.1,1.4903225806451612,2.0,1.155,0.775,1.23,2.33,6.0,14.0,1,0.7803946777909543,1.0,1.0,0.0,0.0,0.0,0.0,15.614,0.0,0.0,1,0,0,0,unexpectly_unstable,1.085
ScIrO3,Sc,Ir,cubic,-1.3030000000000002,1.08,0,11.895,0.0,3.903,3.903,3.903,90.0,90.0,90.0,-1.398,wolverton_oxides,0,single_ABO3,35.333333333333336,24.4,8.0,77.0,69.0,29.93697082575694,84.39077066666667,57.0342224,15.9994,192.217,176.2176,77.15565088825308,2.333333333333333,2.776,1.36,3.44,2.08,0.8543743649920422,1.1833333333333331,0.95,0.6,1.6,1.0,0.4249182927993987,4.0,3.2,2.0,6.0,4.0,1.632993161855452,9.333333333333334,12.0,3.0,16.0,13.0,5.312459150169743,62.0,77.6,19.0,101.0,82.0,33.59563463705764,2.985000000000001e-07,2.985e-07,4.7e-08,5.5e-07,5.03e-07,2.515e-07,2571.25,1444.375,317.5,4825.0,4507.5,2253.75,55.34219333333333,33.215948000000004,0.02658,150.0,149.97342,67.25009446750309,1535.9333333333334,943.48,54.8,2739.0,2684.2,1113.3203232772778,188.5,188.5,57.0,320.0,263.0,131.5,301.0,301.0,74.0,528.0,454.0,227.0,1210.0,1210.0,750.0,1670.0,920.0,460.0,119.5,119.5,29.0,210.0,181.0,90.5,12817.5,12817.5,2985.0,22650.0,19665.0,9832.5,0.8590037934414355,0.4464285714285714,0.8400000000000001,1.6960000000000002,4.0,1.06,0.625,1.36,2.2,6.0,9.0,1,0.6697306661227037,1.0,1.0,0.0,0.0,0.0,0.0,11.895,0.0,0.0,1,0,0,0,unexpectly_unstable,1.08
PaReO3,Pa,Re,cubic,-1.293,1.078,0.284,12.557,0.0,3.975,3.975,3.975,90.0,90.0,90.0,-0.585,wolverton_oxides,0,single_ABO3,58.0,38.0,8.0,91.0,83.0,35.95367389665021,144.41409333333334,93.048216,15.9994,231.03588,215.03648,92.62885518179216,2.28,2.744,1.5,3.44,1.94,0.8363412381717564,1.2500000000000002,0.99,0.6,1.8,1.2000000000000002,0.4949747468305833,5.0,3.8000000000000007,2.0,7.0,5.0,2.160246899469287,8.666666666666666,11.6,3.0,16.0,13.0,5.436502143433364,68.33333333333333,81.4,46.0,101.0,55.0,23.612614331233114,1.8e-07,1.8000000000000002e-07,1.8e-07,1.8e-07,0.0,0.0,2508.75,1413.125,317.5,4700.0,4382.5,2191.25,31.675526666666663,19.015948,0.02658,48.0,47.97342,22.38290819400871,1784.9333333333334,1092.88,54.8,3459.0,3404.2,1390.3241860164203,370.0,370.0,370.0,370.0,0.0,0.0,463.0,463.0,463.0,463.0,0.0,0.0,1320.0,1320.0,1320.0,1320.0,0.0,0.0,178.0,178.0,178.0,178.0,0.0,0.0,18195.0,18195.0,15370.0,21020.0,5650.0,2825.0,0.8255217923900363,0.4928571428571428,0.3999999999999999,1.5072463768115945,3.0,1.04,0.69,1.5,1.9,6.0,7.0,1,0.6673905266220349,1.0,1.0,0.0,0.0,0.0,0.0,12.557,0.0,0.284,1,0,0,0,unexpectly_unstable,1.078
TbPuO3,Tb,Pu,cubic,-2.518,1.078,0.919,16.564,0.0,4.359,4.359,4.359,90.0,90.0,90.0,-0.5539999999999999,wolverton_oxides,0,single_ABO3,55.66666666666666,36.6,8.0,94.0,86.0,35.72425257751689,139.64158333333333,90.18471,15.9994,244.0,228.0006,94.07431864482052,1.94,2.54,1.1,3.44,2.34,1.063202708800161,1.3666666666666665,1.06,0.6,1.75,1.15,0.5421151989096865,5.0,3.8000000000000007,2.0,7.0,5.0,2.160246899469287,7.333333333333333,10.8,3.0,16.0,13.0,6.128258770283413,56.66666666666666,74.39999999999999,26.0,101.0,75.0,32.10745846199741,1.325e-06,1.325e-06,1.15e-06,1.5e-06,3.500000000000001e-07,1.7500000000000005e-07,1732.5,1166.5,317.5,2620.0,2302.5,1011.2924898366448,5.675526666666666,3.415948,0.02658,11.0,10.97342,4.485751429592248,865.4333333333334,541.1800000000001,54.8,1629.0,1574.2,643.5256344717142,38.7,38.7,38.7,38.7,0.0,0.0,76.0,76.00000000000001,56.0,96.0,40.0,20.0,677.0,677.0,677.0,677.0,0.0,0.0,32.5,32.5,22.0,43.0,21.0,10.5,14017.5,14017.5,8219.0,19816.0,11597.0,5798.5,0.8001471471321459,0.6285714285714287,0.1799999999999999,1.3409090909090908,3.0,1.18,0.88,1.1,1.28,7.0,3.0,1,0.5714337203207863,1.0,1.0,0.0,0.0,0.0,0.0,16.564,0.0,0.919,1,0,0,0,unexpectly_unstable,1.078
CrPtO3,Cr,Pt,cubic,-0.512,1.077,0.677,12.229,0.0,3.94,3.94,3.94,90.0,90.0,90.0,-1.005,wolverton_oxides,0,single_ABO3,36.66666666666666,25.200000000000003,8.0,78.0,70.0,29.948103260288267,87.69316666666667,59.01566,15.9994,195.084,179.0846,77.34569117817028,2.4599999999999995,2.8520000000000003,1.66,3.44,1.78,0.7377443098165289,1.1166666666666667,0.91,0.6,1.4,0.7999999999999999,0.3659083066683358,4.0,3.2,2.0,6.0,4.0,1.632993161855452,10.666666666666666,12.8,6.0,16.0,10.0,4.109609335312651,75.33333333333333,85.6,57.0,101.0,44.0,18.696404883173543,1.165e-07,1.1650000000000003e-07,1.06e-07,1.27e-07,2.1000000000000016e-08,1.0500000000000008e-08,2979.1666666666665,1914.5,317.5,5940.0,5622.5,2305.103335837439,55.34219333333333,33.215948000000004,0.02658,94.0,93.97342,40.13197236478776,1425.4,877.16,54.8,2180.0,2125.2,970.8109187684285,195.0,195.0,160.0,230.0,70.0,35.0,223.5,223.5,168.0,279.0,111.0,55.5,756.0,755.9999999999999,392.0,1120.0,728.0,364.0,88.0,88.0,61.0,115.0,54.0,27.0,14115.0,14115.0,7140.0,21090.0,13950.0,6975.0,0.8171011693711215,0.4464285714285714,0.6199999999999999,1.504,4.0,0.94,0.625,1.66,2.28,6.0,10.0,1,0.5166157057412025,1.0,1.0,0.0,0.0,0.0,0.0,12.229,0.0,0.677,1,0,0,0,unexpectly_unstable,1.077
USbO3,U,Sb,cubic,-1.742,1.0759999999999998,0.725,15.118,0.0,4.228,4.228,4.228,90.0,90.0,90.0,0.893,wolverton_oxides,0,single_ABO3,50.333333333333336,33.4,8.0,92.0,84.0,34.29609631171195,125.26277,81.557422,15.9994,238.02891,222.02951,90.67700140595998,2.29,2.75,1.38,3.44,2.06,0.8579432770682842,1.2666666666666668,1.0,0.6,1.75,1.15,0.4870546398734152,4.666666666666667,3.6000000000000005,2.0,7.0,5.0,2.0548046676563256,11.333333333333334,13.2,3.0,16.0,13.0,5.90668171555645,78.0,87.19999999999999,45.0,101.0,56.0,23.93045479439676,3.400000000000001e-07,3.4e-07,2.8e-07,4e-07,1.1999999999999996e-07,5.999999999999998e-08,2297.5,1505.5,317.5,3420.0,3102.5,1404.2450522137035,17.008860000000002,10.215948,0.02658,27.0,26.97342,12.070580640516017,787.96,494.696,54.8,1405.3,1350.5,557.3887134367421,71.0,70.99999999999999,42.0,100.0,58.0,29.0,131.5,131.5,55.0,208.0,153.0,76.5,1347.0,1346.9999999999998,294.0,2400.0,2106.0,1053.0,65.5,65.5,20.0,111.0,91.0,45.5,12873.5,12873.499999999998,6697.0,19050.0,12353.0,6176.5,0.8131727983645295,0.4285714285714286,0.6699999999999999,1.5,5.0,0.9,0.6,1.38,2.05,5.0,15.0,1,0.4540702884807595,1.0,1.0,0.0,0.0,0.0,0.0,15.118,0.0,0.725,1,0,0,0,unexpectly_unstable,1.0759999999999998
PaAsO3,Pa,As,cubic,-1.277,1.065,0.418,13.312,0.0,4.053,4.053,4.053,90.0,90.0,90.0,1.5719999999999998,wolverton_oxides,0,single_ABO3,44.0,29.6,8.0,91.0,83.0,34.76588366008646,107.31896,70.791136,15.9994,231.03588,215.03648,90.72803180908238,2.373333333333333,2.8000000000000003,1.5,3.44,1.94,0.803713602942961,1.1833333333333331,0.95,0.6,1.8,1.2000000000000002,0.4904646323187387,4.333333333333333,3.4000000000000004,2.0,7.0,5.0,2.0548046676563256,11.333333333333334,13.2,3.0,16.0,13.0,5.90668171555645,78.66666666666667,87.6,46.0,101.0,55.0,23.612614331233114,2.55e-07,2.55e-07,1.8e-07,3.3e-07,1.5000000000000002e-07,7.500000000000001e-08,317.5,317.5,317.5,317.5,0.0,0.0,32.342193333333334,19.415948,0.02658,50.0,49.97342,22.883387698388443,995.2666666666668,619.08,54.8,1841.0,1786.2,732.2833756287399,22.0,22.0,22.0,22.0,0.0,0.0,8.0,8.0,8.0,8.0,0.0,0.0,1440.0,1440.0,1440.0,1440.0,0.0,0.0,29.0,29.000000000000004,20.0,33.0,11.0,5.5,10548.5,10548.499999999998,5727.0,15370.0,9643.0,4821.5,0.8626702730475879,0.4285714285714286,0.6800000000000002,1.7333333333333334,3.0,1.04,0.6,1.5,2.18,4.0,15.0,1,0.6174047020790683,1.0,1.0,0.0,0.0,0.0,0.0,13.312,0.0,0.418,1,0,0,0,unexpectly_unstable,1.065
TmHgO3,Tm,Hg,cubic,-1.084,1.064,0,14.544,0.0,4.174,4.174,4.174,90.0,90.0,90.0,-1.215,wolverton_oxides,0,single_ABO3,52.333333333333336,34.6,8.0,80.0,72.0,31.668421004036325,128.50787,83.504482,15.9994,200.59,184.5906,80.59834211047892,2.23,2.714,1.25,3.44,2.19,0.9087353850269064,1.2833333333333334,1.0100000000000002,0.6,1.75,1.15,0.4938510796676351,4.666666666666667,3.6000000000000005,2.0,6.0,4.0,1.8856180831641267,10.333333333333334,12.6,3.0,16.0,13.0,5.436502143433364,65.33333333333333,79.6,21.0,101.0,80.0,33.229839334884275,8.179999999999999e-07,8.18e-07,6.76e-07,9.6e-07,2.84e-07,1.4199999999999997e-07,862.25,589.875,317.5,1407.0,1089.5,544.75,8.442193333333334,5.075948,0.02658,17.0,16.97342,6.930099125415804,702.3733333333334,443.3440000000001,54.8,1818.0,1763.2,792.2642665732747,35.0,35.0,25.0,45.0,20.0,10.0,74.0,74.0,74.0,74.0,0.0,0.0,471.0,471.0,471.0,471.0,0.0,0.0,31.0,31.0,31.0,31.0,0.0,0.0,9321.0,9321.0,9321.0,9321.0,0.0,0.0,0.8559713666995049,0.4928571428571428,0.75,1.6376811594202898,3.0,1.13,0.69,1.25,2.0,6.0,12.0,1,0.7993504934203229,1.0,1.0,0.0,0.0,0.0,0.0,14.544,0.0,0.0,1,0,0,0,unexpectly_unstable,1.064
ErSbO3,Er,Sb,cubic,-1.6780000000000002,1.06,0,14.796,0.0,4.198,4.198,4.198,90.0,90.0,90.0,0.53,wolverton_oxides,0,single_ABO3,42.333333333333336,28.600000000000005,8.0,68.0,60.0,25.249862485874168,101.6728,67.40344,15.9994,167.259,151.25959999999998,63.36396636848632,2.2433333333333336,2.722,1.24,3.44,2.2,0.9084908120369491,1.2666666666666668,1.0,0.6,1.75,1.15,0.4870546398734152,4.333333333333333,3.4000000000000004,2.0,6.0,4.0,1.699673171197595,11.333333333333334,13.2,3.0,16.0,13.0,5.90668171555645,70.33333333333333,82.6,22.0,101.0,79.0,34.58644564308715,6.3e-07,6.299999999999999e-07,4e-07,8.6e-07,4.6000000000000004e-07,2.3000000000000002e-07,2189.1666666666665,1440.5,317.5,3420.0,3102.5,1345.2080590831374,13.00886,7.815948000000001,0.02658,24.0,23.97342,9.887861093239527,920.1933333333332,574.0360000000001,54.8,1802.0,1747.2,713.3858274142791,43.0,43.00000000000001,42.0,44.0,2.0,1.0,62.5,62.5,55.0,70.0,15.0,7.5,554.0,554.0,294.0,814.0,520.0,260.0,24.0,24.000000000000004,20.0,28.0,8.0,4.0,7881.5,7881.500000000001,6697.0,9066.0,2369.0,1184.5,0.8994398256692883,0.4285714285714286,0.8099999999999998,1.9066666666666665,5.0,1.144,0.6,1.24,2.05,5.0,15.0,1,0.6619463192668668,1.0,1.0,0.0,0.0,0.0,0.0,14.796,0.0,0.0,1,0,0,0,unexpectly_unstable,1.06
DyPbO3,Dy,Pb,cubic,-1.5,1.042,0,15.731,0.0,4.285,4.285,4.285,90.0,90.0,90.0,0.598,wolverton_oxides,0,single_ABO3,52.0,34.4,8.0,82.0,74.0,31.79098404684364,128.56646666666666,83.53963999999999,15.9994,207.2,191.2006,81.66203064441201,2.33,2.774,1.22,3.44,2.22,0.906311204829776,1.383333333333333,1.07,0.6,1.8,1.2000000000000002,0.554276304943863,4.666666666666667,3.6000000000000005,2.0,6.0,4.0,1.8856180831641267,11.0,13.0,3.0,16.0,13.0,5.715476066494082,69.0,81.8,24.0,101.0,77.0,32.751590292177674,5.68e-07,5.68e-07,2.1e-07,9.26e-07,7.16e-07,3.58e-07,1429.1666666666667,984.5,317.5,2710.0,2392.5,984.0315317892794,15.342193333333334,9.215948,0.02658,35.0,34.97342,14.60424615952802,778.4700000000001,489.002,54.8,1680.0,1625.2,675.2996345820621,43.5,43.5,41.0,46.0,5.0,2.5,38.5,38.5,16.0,61.0,45.0,22.5,269.15,269.15,38.3,500.0,461.7,230.85,15.3,15.3,5.6,25.0,19.4,9.7,9945.5,9945.499999999998,8551.0,11340.0,2789.0,1394.5,0.8345485550831575,0.5535714285714286,1.11,1.5058064516129033,2.0,1.167,0.775,1.22,2.33,6.0,14.0,1,0.801187675474206,1.0,1.0,0.0,0.0,0.0,0.0,15.731,0.0,0.0,1,0,0,0,unexpectly_unstable,1.042
GdPuO3,Gd,Pu,cubic,-2.673,1.04,0.947,16.632,0.0,4.365,4.365,4.365,90.0,90.0,90.0,0.039,wolverton_oxides,0,single_ABO3,55.333333333333336,36.4,8.0,94.0,86.0,35.64017707899643,139.08313333333334,89.84964,15.9994,244.0,228.0006,93.963094469596,1.9733333333333332,2.56,1.2,3.44,2.24,1.0376040777783315,1.383333333333333,1.07,0.6,1.8,1.2000000000000002,0.554276304943863,5.0,3.8000000000000007,2.0,7.0,5.0,2.160246899469287,7.333333333333333,10.8,3.0,16.0,13.0,6.128258770283413,57.0,74.6,27.0,101.0,74.0,31.79098404684364,1.405e-06,1.405e-06,1.31e-06,1.5e-06,1.9000000000000009e-07,9.500000000000004e-08,1752.5,1178.5,317.5,2680.0,2362.5,1029.083329959241,5.675526666666666,3.415948,0.02658,11.0,10.97342,4.485751429592248,850.7666666666668,532.38,54.8,1585.0,1530.2,626.2248069893822,38.0,38.0,38.0,38.0,0.0,0.0,75.5,75.5,55.0,96.0,41.0,20.5,546.25,546.25,343.0,716.0,200.0,100.0,32.5,32.5,22.0,43.0,21.0,10.5,13858.5,13858.5,7901.0,19816.0,11915.0,5957.5,0.8041788963231218,0.6285714285714287,0.08,1.3556818181818182,3.0,1.193,0.88,1.2,1.28,7.0,3.0,1,0.5944246229139856,1.0,1.0,0.0,0.0,0.0,0.0,16.632,0.0,0.947,1,0,0,0,unexpectly_unstable,1.04
ScAsO3,Sc,As,cubic,-1.591,1.035,0.12,11.845,0.0,3.898,3.898,3.898,90.0,90.0,90.0,1.189,wolverton_oxides,0,single_ABO3,20.666666666666668,15.6,8.0,33.0,25.0,10.208928554075705,45.292304,33.5751424,15.9994,74.9216,58.9222,24.05606344761126,2.3266666666666667,2.772,1.36,3.44,2.08,0.855466084787832,1.1166666666666667,0.91,0.6,1.6,1.0,0.4089281382128432,3.333333333333333,2.8,2.0,4.0,2.0,0.9428090415820634,11.333333333333334,13.2,3.0,16.0,13.0,5.90668171555645,69.66666666666667,82.19999999999999,19.0,101.0,82.0,36.160137659521645,4.4e-07,4.4e-07,3.3e-07,5.5e-07,2.2e-07,1.1e-07,317.5,317.5,317.5,317.5,0.0,0.0,22.00886,13.215948,0.02658,50.0,49.97342,20.839313416374036,986.2666666666668,613.68,54.8,1814.0,1759.2,721.9264105310334,39.5,39.5,22.0,57.0,35.0,17.5,41.0,41.0,8.0,74.0,66.0,33.0,1095.0,1095.0,750.0,1440.0,690.0,345.0,29.0,29.000000000000004,29.0,29.0,0.0,0.0,4356.0,4356.0,2985.0,5727.0,2742.0,1371.0,0.8697413408594534,0.4285714285714286,0.8200000000000001,1.7666666666666668,3.0,1.06,0.6,1.36,2.18,4.0,15.0,1,0.6323359573806842,1.0,1.0,0.0,0.0,0.0,0.0,11.845,0.0,0.12,1,0,0,0,unexpectly_unstable,1.035
ScOsO3,Sc,Os,cubic,-1.404,1.022,0.128,11.792,0.0,3.892,3.892,3.892,90.0,90.0,90.0,-0.311,wolverton_oxides,0,single_ABO3,35.0,24.200000000000003,8.0,76.0,68.0,29.473151624260797,83.72843733333333,56.6368224,15.9994,190.23,174.23059999999998,76.23016478460907,2.333333333333333,2.776,1.36,3.44,2.08,0.8543743649920422,1.1666666666666667,0.94,0.6,1.6,1.0,0.4189935029992179,4.0,3.2,2.0,6.0,4.0,1.632993161855452,9.0,11.8,3.0,16.0,13.0,5.354126134736337,61.0,77.0,19.0,101.0,82.0,33.50621832834417,3.155e-07,3.155e-07,8.1e-08,5.5e-07,4.6900000000000003e-07,2.3450000000000002e-07,2628.75,1473.125,317.5,4940.0,4622.5,2311.25,34.67552666666666,20.815948,0.02658,88.0,87.97342,38.26584315750478,1724.9333333333334,1056.88,54.8,3306.0,3251.2,1328.7901799088606,57.0,57.0,57.0,57.0,0.0,0.0,74.0,74.0,74.0,74.0,0.0,0.0,2335.0,2335.0,750.0,3920.0,3170.0,1585.0,125.5,125.5,29.0,222.0,193.0,96.5,12797.5,12797.5,2985.0,22610.0,19625.0,9812.5,0.8342842598172215,0.4892857142857144,0.8400000000000001,1.5474452554744524,3.0,1.06,0.685,1.36,2.2,6.0,8.0,1,0.7015019131943471,1.0,1.0,0.0,0.0,0.0,0.0,11.792,0.0,0.128,1,0,0,0,unexpectly_unstable,1.022
HoSbO3,Ho,Sb,cubic,-1.706,1.021,0,14.823,0.0,4.201,4.201,4.201,90.0,90.0,90.0,0.72,wolverton_oxides,0,single_ABO3,42.0,28.4,8.0,67.0,59.0,24.91318258807306,100.89657333333332,66.937704,15.9994,164.93032,148.93092,62.56498841054867,2.24,2.72,1.23,3.44,2.21,0.9121768834314246,1.2666666666666668,1.0,0.6,1.75,1.15,0.4870546398734152,4.333333333333333,3.4000000000000004,2.0,6.0,4.0,1.699673171197595,11.333333333333334,13.2,3.0,16.0,13.0,5.90668171555645,70.66666666666667,82.8,23.0,101.0,78.0,34.120700787384514,6.07e-07,6.070000000000001e-07,4e-07,8.14e-07,4.14e-07,2.07e-07,2165.833333333333,1426.5,317.5,3420.0,3102.5,1334.4542163579667,13.342193333333334,8.015948,0.02658,24.0,23.97342,9.965914202324283,897.5266666666666,560.436,54.8,1734.0,1679.2,685.5447897515928,41.0,40.99999999999999,40.0,42.0,2.0,1.0,60.0,60.0,55.0,65.0,10.0,5.0,520.0,520.0,294.0,746.0,452.0,226.0,23.0,23.0,20.0,26.0,6.0,3.0,7746.0,7746.0,6697.0,8795.0,2098.0,1049.0,0.9033289129658144,0.4285714285714286,0.8199999999999998,1.925,5.0,1.155,0.6,1.23,2.05,5.0,15.0,1,0.6615900277163349,1.0,1.0,0.0,0.0,0.0,0.0,14.823,0.0,0.0,1,0,0,0,unexpectly_unstable,1.021
ErHgO3,Er,Hg,cubic,-1.117,1.013,0,14.573,0.0,4.177,4.177,4.177,90.0,90.0,90.0,-1.117,wolverton_oxides,0,single_ABO3,52.0,34.4,8.0,80.0,72.0,31.496031496047245,127.94946666666664,83.16944,15.9994,200.59,184.5906,80.32165320448915,2.2266666666666666,2.712,1.24,3.44,2.2,0.9123352210429868,1.2833333333333334,1.0100000000000002,0.6,1.75,1.15,0.4938510796676351,4.666666666666667,3.6000000000000005,2.0,6.0,4.0,1.8856180831641267,10.333333333333334,12.6,3.0,16.0,13.0,5.436502143433364,65.66666666666667,79.8,22.0,101.0,79.0,32.78549814916481,9.1e-07,9.1e-07,8.6e-07,9.6e-07,9.999999999999989e-08,4.9999999999999945e-08,1518.1666666666667,1037.9,317.5,2830.0,2512.5,1028.731446437256,7.775526666666667,4.675948,0.02658,15.0,14.97342,6.1241124979942105,697.04,440.144,54.8,1802.0,1747.2,784.7544451610325,34.5,34.5,25.0,44.0,19.0,9.5,70.0,70.0,70.0,70.0,0.0,0.0,814.0,814.0,814.0,814.0,0.0,0.0,28.0,28.0,28.0,28.0,0.0,0.0,9066.0,9066.0,9066.0,9066.0,0.0,0.0,0.8607079671476443,0.4928571428571428,0.76,1.6579710144927535,3.0,1.144,0.69,1.24,2.0,6.0,12.0,1,0.8152806011870062,1.0,1.0,0.0,0.0,0.0,0.0,14.573,0.0,0.0,1,0,0,0,unexpectly_unstable,1.013
RbLiO3,Rb,Li,cubic,-0.271,1.013,-,12.464,0.0,3.965,3.965,3.965,90.0,90.0,90.0,-2.935,wolverton_oxides,0,single_ABO3,16.0,12.8,3.0,37.0,34.0,14.98888477061141,36.136066666666665,28.0814,6.941,85.4678,78.5268,35.07827996441989,1.7466666666666668,2.424,0.82,3.44,2.62,1.199147845578499,1.4666666666666666,1.12,0.6,2.35,1.75,0.7145317036742006,3.0,2.6,2.0,5.0,3.0,1.4142135623730951,6.0,10.0,1.0,16.0,15.0,7.071067811865476,40.66666666666666,64.8,9.0,101.0,92.0,42.679685513784605,1.1400000000000001e-07,1.14e-07,9.5e-08,1.33e-07,3.8000000000000016e-08,1.9000000000000005e-08,2539.1666666666665,1650.5,317.5,6000.0,5682.5,2479.832263592753,47.67552666666666,28.615948000000003,0.02658,85.0,84.97342,35.450120722240456,273.65,186.11,54.8,453.69,398.89,165.14230247476468,6.75,6.75,2.5,11.0,8.5,4.25,3.65,3.65,2.4,4.9,2.5000000000000004,1.2500000000000002,0.216,0.216,0.216,0.216,0.0,0.0,4.2,4.2,4.2,4.2,0.0,0.0,1033.5,1033.5,535.0,1532.0,997.0,498.5,0.9592057205660992,0.6428571428571429,0.16,1.911111111111111,1.0,1.72,0.9,0.82,0.98,2.0,1.0,1,0.7620207897669572,1.0,1.0,0.0,0.0,0.0,0.0,12.464,0.0,,1,0,0,0,unexpectly_unstable,1.013
ThWO3,Th,W,cubic,-2.188,1.007,0.001,12.87,0.0,4.007,4.007,4.007,90.0,90.0,90.0,1.0590000000000002,wolverton_oxides,0,single_ABO3,57.333333333333336,37.6,8.0,90.0,82.0,35.490217744549774,143.95915333333332,92.775252,15.9994,232.03806,216.03866,92.59602979893012,2.3666666666666667,2.7960000000000003,1.3,3.44,2.14,0.8736640595153774,1.2500000000000002,0.99,0.6,1.8,1.2000000000000002,0.4949747468305833,5.0,3.8000000000000007,2.0,7.0,5.0,2.160246899469287,8.333333333333334,11.4,3.0,16.0,13.0,5.557777333511022,67.66666666666667,81.0,47.0,101.0,54.0,23.79542439676633,1.02e-07,1.0200000000000001e-07,5.4e-08,1.5e-07,9.600000000000001e-08,4.799999999999999e-08,2660.5,1723.3,317.5,5174.0,4856.5,1986.3200061084483,74.67552666666667,44.815948,0.02658,170.0,169.97342,70.91473250240806,1954.9333333333332,1194.88,54.8,3695.0,3640.2,1490.4093427273222,182.0,182.0,54.0,310.0,256.0,128.0,245.0,245.0,79.0,411.0,332.0,166.0,1485.0,1485.0,400.0,2570.0,2170.0,1085.0,96.0,96.0,31.0,161.0,130.0,65.0,15487.0,15487.0,11724.0,19250.0,7526.0,3763.0,0.8768124086713188,0.4285714285714286,1.0599999999999998,1.8000000000000005,6.0,1.08,0.6,1.3,2.36,6.0,6.0,1,0.6443982490440594,1.0,1.0,0.0,0.0,0.0,0.0,12.87,0.0,0.001,1,0,0,0,unexpectly_unstable,1.007
TbPbO3,Tb,Pb,cubic,-1.39,1.007,0,15.428,0.0,4.257,4.257,4.257,90.0,90.0,90.0,0.578,wolverton_oxides,0,single_ABO3,51.66666666666666,34.2,8.0,82.0,74.0,31.647362537114457,127.37491666666666,82.82471,15.9994,207.2,191.2006,81.18287891228805,2.29,2.75,1.1,3.44,2.34,0.9557196241576292,1.383333333333333,1.07,0.6,1.8,1.2000000000000002,0.554276304943863,4.666666666666667,3.6000000000000005,2.0,6.0,4.0,1.8856180831641267,11.0,13.0,3.0,16.0,13.0,5.715476066494082,69.66666666666667,82.19999999999999,26.0,101.0,75.0,31.836387288063253,6.800000000000001e-07,6.8e-07,2.1e-07,1.15e-06,9.4e-07,4.7e-07,1399.1666666666667,966.5,317.5,2620.0,2302.5,945.1285920738806,15.342193333333334,9.215948,0.02658,35.0,34.97342,14.60424615952802,761.4700000000001,478.802,54.8,1629.0,1574.2,652.6527227145128,42.35,42.35,38.7,46.0,7.299999999999997,3.649999999999999,36.0,36.0,16.0,56.0,40.0,20.0,357.65,357.65,38.3,677.0,638.7,319.35,13.8,13.8,5.6,22.0,16.4,8.200000000000001,9779.5,9779.5,8219.0,11340.0,3121.0,1560.5,0.8387749404419736,0.5535714285714286,1.23,1.5225806451612902,2.0,1.18,0.775,1.1,2.33,6.0,14.0,1,0.8229244575021666,1.0,1.0,0.0,0.0,0.0,0.0,15.428,0.0,0.0,1,0,0,0,unexpectly_unstable,1.007
GdNpO3,Gd,Np,cubic,-2.632,1.005,0.789,17.305999999999997,0.0,4.423,4.423,4.423,90.0,90.0,90.0,2.533,wolverton_oxides,0,single_ABO3,55.0,36.2,8.0,93.0,85.0,35.27983371087039,136.7498,88.44964,15.9994,237.0,221.0006,91.38019460882468,2.0,2.576,1.2,3.44,2.24,1.0203267450511462,1.383333333333333,1.07,0.6,1.8,1.2000000000000002,0.554276304943863,5.0,3.8000000000000007,2.0,7.0,5.0,2.160246899469287,7.333333333333333,10.8,3.0,16.0,13.0,6.128258770283413,57.333333333333336,74.8,27.0,101.0,74.0,31.647362537114457,1.2549999999999998e-06,1.255e-06,1.2e-06,1.31e-06,1.1e-07,5.5e-08,1498.75,908.125,317.5,2680.0,2362.5,1181.25,5.675526666666666,3.415948,0.02658,11.0,10.97342,4.485751429592248,849.9333333333334,531.88,54.8,1585.0,1530.2,626.1437605605353,38.0,38.0,38.0,38.0,0.0,0.0,55.0,55.0,55.0,55.0,0.0,0.0,546.25,546.25,343.0,716.0,200.0,100.0,22.0,22.0,22.0,22.0,0.0,0.0,14175.5,14175.499999999998,7901.0,20450.0,12549.0,6274.5,0.8006671980859029,0.6357142857142858,0.1600000000000001,1.3404494382022472,3.0,1.193,0.89,1.2,1.36,7.0,3.0,1,0.5648824739569861,1.0,1.0,0.0,0.0,0.0,0.0,17.305999999999997,0.0,0.789,1,0,0,0,unexpectly_unstable,1.005
PaPdO3,Pa,Pd,cubic,-1.166,1.001,0.315,12.866,0.0,4.007,4.007,4.007,90.0,90.0,90.0,-1.2,wolverton_oxides,0,single_ABO3,48.333333333333336,32.2,8.0,91.0,83.0,33.9247533357118,117.81842666666664,77.090816,15.9994,231.03588,215.03648,88.15749176163507,2.3800000000000003,2.8040000000000003,1.5,3.44,1.94,0.8021637405584141,1.2666666666666668,1.0,0.6,1.8,1.2000000000000002,0.4988876515698589,4.666666666666667,3.6000000000000005,2.0,7.0,5.0,2.0548046676563256,9.666666666666666,12.2,3.0,16.0,13.0,5.312459150169743,72.0,83.6,46.0,101.0,55.0,22.55363976538303,1.44e-07,1.4400000000000002e-07,1.08e-07,1.8e-07,7.2e-08,3.6e-08,1693.75,1005.625,317.5,3070.0,2752.5,1376.25,39.67552666666666,23.815948,0.02658,72.0,71.97342,29.83598754113488,1241.2833333333335,766.69,54.8,1841.0,1786.2,838.9870681694418,180.0,180.0,180.0,180.0,0.0,0.0,121.0,121.0,121.0,121.0,0.0,0.0,37.3,37.3,37.3,37.3,0.0,0.0,44.0,44.0,44.0,44.0,0.0,0.0,13696.5,13696.5,12023.0,15370.0,3347.0,1673.5,0.8541289832154335,0.4428571428571429,0.7000000000000002,1.6774193548387095,2.0,1.04,0.62,1.5,2.2,5.0,10.0,1,0.6439168858941439,1.0,1.0,0.0,0.0,0.0,0.0,12.866,0.0,0.315,1,0,0,0,unexpectly_unstable,1.001
LuSnO3,Lu,Sn,cubic,-1.88,0.996,0.001,13.655,0.0,4.087,4.087,4.087,90.0,90.0,90.0,2.1790000000000003,wolverton_oxides,0,single_ABO3,43.0,29.000000000000004,8.0,71.0,63.0,26.19160170741759,103.22546666666666,68.33503999999999,15.9994,174.967,158.9676,65.81541127453019,2.223333333333333,2.71,1.27,3.44,2.17,0.9052562559236412,1.2666666666666668,1.0,0.6,1.75,1.15,0.4870546398734152,4.333333333333333,3.4000000000000004,2.0,6.0,4.0,1.699673171197595,11.0,13.0,3.0,16.0,13.0,5.715476066494082,68.0,81.19999999999999,20.0,101.0,81.0,34.72751070837067,3.475e-07,3.475e-07,1.15e-07,5.8e-07,4.6500000000000005e-07,2.3250000000000002e-07,1408.75,863.125,317.5,2500.0,2182.5,1091.25,27.675526666666663,16.615948000000003,0.02658,67.0,66.97342,28.561024594507963,828.2933333333334,518.896,54.8,1925.0,1870.2,796.9785250696672,53.0,53.00000000000001,48.0,58.0,10.0,5.0,59.5,59.5,50.0,69.0,19.0,9.5,472.0,472.0,51.0,893.0,842.0,421.0,22.5,22.5,18.0,27.0,9.0,4.5,8575.5,8575.499999999998,7310.0,9841.0,2531.0,1265.5,0.8475131516135415,0.4928571428571428,0.69,1.6014492753623188,4.0,1.105,0.69,1.27,1.96,5.0,14.0,1,0.767379972435991,1.0,1.0,0.0,0.0,0.0,0.0,13.655,0.0,0.001,1,0,0,0,unexpectly_unstable,0.996
CrPdO3,Cr,Pd,cubic,-0.537,0.989,0.63,12.1,0.0,3.926,3.926,3.926,90.0,90.0,90.0,-2.471,wolverton_oxides,0,single_ABO3,26.0,18.8,8.0,46.0,38.0,15.57776192739723,58.1385,41.28286,15.9994,106.42,90.4206,37.16869681519652,2.4333333333333336,2.8360000000000003,1.66,3.44,1.78,0.7451770855903238,1.1333333333333333,0.92,0.6,1.4,0.7999999999999999,0.3771236166328253,3.6666666666666665,3.0,2.0,5.0,3.0,1.247219128924647,10.666666666666666,12.8,6.0,16.0,10.0,4.109609335312651,75.66666666666667,85.8,57.0,101.0,44.0,18.571184369578823,1.1750000000000001e-07,1.175e-07,1.08e-07,1.27e-07,1.900000000000001e-08,9.500000000000006e-09,3109.1666666666665,1992.5,317.5,5940.0,5622.5,2295.5430851011174,55.34219333333333,33.215948000000004,0.02658,94.0,93.97342,40.13197236478776,1354.2833333333335,834.49,54.8,2180.0,2125.2,930.0393901455049,170.0,170.0,160.0,180.0,20.0,10.0,200.0,200.0,121.0,279.0,158.0,79.0,578.65,578.65,37.3,1120.0,1082.7,541.35,79.5,79.5,44.0,115.0,71.0,35.5,9581.5,9581.5,7140.0,12023.0,4883.0,2441.5,0.8191236970180796,0.4428571428571429,0.5400000000000003,1.5161290322580645,2.0,0.94,0.62,1.66,2.2,5.0,10.0,1,0.5158047737505765,1.0,1.0,0.0,0.0,0.0,0.0,12.1,0.0,0.63,1,0,0,0,unexpectly_unstable,0.989
ScReO3,Sc,Re,cubic,-1.683,0.989,0.205,11.894,0.0,3.903,3.903,3.903,90.0,90.0,90.0,0.038,wolverton_oxides,0,single_ABO3,34.666666666666664,24.0,8.0,75.0,67.0,29.00957696271277,82.38743733333334,55.8322224,15.9994,186.207,170.2076,74.35722825668432,2.233333333333333,2.716,1.36,3.44,2.08,0.881261721750254,1.1833333333333331,0.95,0.6,1.6,1.0,0.4249182927993987,4.0,3.2,2.0,6.0,4.0,1.632993161855452,8.666666666666666,11.6,3.0,16.0,13.0,5.436502143433364,59.333333333333336,76.0,19.0,101.0,82.0,33.48963355361709,3.65e-07,3.65e-07,1.8e-07,5.5e-07,3.700000000000001e-07,1.8500000000000006e-07,2508.75,1413.125,317.5,4700.0,4382.5,2191.25,21.34219333333333,12.815948,0.02658,48.0,47.97342,19.946036011066347,1775.9333333333334,1087.48,54.8,3459.0,3404.2,1390.0194754830677,213.5,213.5,57.0,370.0,313.0,156.5,268.5,268.5,74.0,463.0,389.0,194.5,1035.0,1035.0,750.0,1320.0,570.0,285.0,103.5,103.5,29.0,178.0,149.0,74.5,12002.5,12002.5,2985.0,21020.0,18035.0,9017.5,0.8322883644588072,0.4928571428571428,0.5399999999999998,1.5362318840579712,3.0,1.06,0.69,1.36,1.9,6.0,7.0,1,0.7002814059922416,1.0,1.0,0.0,0.0,0.0,0.0,11.894,0.0,0.205,1,0,0,0,unexpectly_unstable,0.989
LuReO3,Lu,Re,cubic,-1.769,0.981,0.138,12.132,0.0,3.929,3.929,3.929,90.0,90.0,90.0,-0.465,wolverton_oxides,0,single_ABO3,51.333333333333336,34.0,8.0,75.0,67.0,30.684777260973487,125.72446666666666,81.83444,15.9994,186.207,170.2076,77.7229142156217,2.203333333333333,2.698,1.27,3.44,2.17,0.9114944992824818,1.2333333333333334,0.98,0.6,1.75,1.15,0.4766783215358364,4.666666666666667,3.6000000000000005,2.0,6.0,4.0,1.8856180831641267,8.666666666666666,11.6,3.0,16.0,13.0,5.436502143433364,59.66666666666666,76.19999999999999,20.0,101.0,81.0,33.089105289942324,3.8e-07,3.8e-07,1.8e-07,5.8e-07,4e-07,2e-07,2508.75,1413.125,317.5,4700.0,4382.5,2191.25,21.34219333333333,12.815948,0.02658,48.0,47.97342,19.946036011066347,1812.9333333333332,1109.6800000000003,54.8,3459.0,3404.2,1392.016190838151,209.0,209.0,48.0,370.0,322.0,161.0,266.0,266.0,69.0,463.0,394.0,197.0,1106.5,1106.5,893.0,1320.0,427.0,213.5,102.5,102.5,27.0,178.0,151.0,75.5,15430.5,15430.499999999998,9841.0,21020.0,11179.0,5589.5,0.8475131516135415,0.4928571428571428,0.6299999999999999,1.6014492753623188,3.0,1.105,0.69,1.27,1.9,6.0,7.0,1,0.767379972435991,1.0,1.0,0.0,0.0,0.0,0.0,12.132,0.0,0.138,1,0,0,0,unexpectly_unstable,0.981
ScSnO3,Sc,Sn,cubic,-1.817,0.98,0.177,13.074000000000002,0.0,4.028,4.028,4.028,90.0,90.0,90.0,2.168,wolverton_oxides,0,single_ABO3,26.33333333333333,19.0,8.0,50.0,42.0,17.55625877635159,59.888437333333336,42.332822400000005,15.9994,118.71,102.7106,43.24042917388757,2.2533333333333334,2.728,1.36,3.44,2.08,0.8741217814978007,1.2166666666666666,0.97,0.6,1.6,1.0,0.4403281604540969,3.6666666666666665,3.0,2.0,5.0,3.0,1.247219128924647,11.0,13.0,3.0,16.0,13.0,5.715476066494082,67.66666666666667,81.0,19.0,101.0,82.0,35.188381921057726,3.325e-07,3.325e-07,1.15e-07,5.5e-07,4.35e-07,2.175e-07,1408.75,863.125,317.5,2500.0,2182.5,1091.25,27.675526666666663,16.615948000000003,0.02658,67.0,66.97342,28.561024594507963,791.2933333333334,496.696,54.8,1814.0,1759.2,746.1611595954918,57.5,57.5,57.0,58.0,1.0,0.5,62.0,62.0,50.0,74.0,24.0,12.0,400.5,400.5,51.0,750.0,699.0,349.5,23.5,23.5,18.0,29.0,11.0,5.5,5147.5,5147.5,2985.0,7310.0,4325.0,2162.5,0.8322883644588072,0.4928571428571428,0.5999999999999999,1.5362318840579712,4.0,1.06,0.69,1.36,1.96,5.0,14.0,1,0.7002814059922416,1.0,1.0,0.0,0.0,0.0,0.0,13.074000000000002,0.0,0.177,1,0,0,0,unexpectly_unstable,0.98
DySbO3,Dy,Sb,cubic,-1.734,0.98,0,14.845,0.0,4.203,4.203,4.203,90.0,90.0,90.0,0.89,wolverton_oxides,0,single_ABO3,41.66666666666666,28.200000000000003,8.0,66.0,58.0,24.580932086115496,100.08646666666664,66.45164,15.9994,162.5,146.5006,61.74092638033724,2.2366666666666664,2.718,1.22,3.44,2.22,0.9158723831529272,1.2666666666666668,1.0,0.6,1.75,1.15,0.4870546398734152,4.333333333333333,3.4000000000000004,2.0,6.0,4.0,1.699673171197595,11.333333333333334,13.2,3.0,16.0,13.0,5.90668171555645,71.0,83.0,24.0,101.0,77.0,33.65511352924941,6.63e-07,6.63e-07,4e-07,9.26e-07,5.26e-07,2.63e-07,2149.1666666666665,1416.5,317.5,3420.0,3102.5,1327.221931538036,11.675526666666668,7.015948000000001,0.02658,24.0,23.97342,9.798757364487034,879.5266666666666,549.636,54.8,1680.0,1625.2,663.7067264655042,41.5,41.5,41.0,42.0,1.0,0.5,58.0,58.00000000000001,55.0,61.0,6.0,3.0,397.0,397.0,294.0,500.0,206.0,103.0,22.5,22.5,20.0,25.0,5.0,2.5,7624.0,7624.000000000001,6697.0,8551.0,1854.0,927.0,0.9075715536529336,0.4285714285714286,0.8299999999999998,1.945,5.0,1.167,0.6,1.22,2.05,5.0,15.0,1,0.6600619752173719,1.0,1.0,0.0,0.0,0.0,0.0,14.845,0.0,0.0,1,0,0,0,unexpectly_unstable,0.98
AuHgO3,Au,Hg,cubic,0.6559999999999999,0.978,-,14.303,0.0,4.151,4.151,4.151,90.0,90.0,90.0,-4.928,wolverton_oxides,0,single_ABO3,55.66666666666666,36.6,8.0,80.0,72.0,33.70789554721894,137.85198966666664,89.1109538,15.9994,200.59,184.5906,86.17548962981574,2.66,2.972,2.0,3.44,1.44,0.5939696961966999,1.15,0.93,0.6,1.5,0.9,0.3937003937005905,4.666666666666667,3.6000000000000005,2.0,6.0,4.0,1.8856180831641267,13.0,14.2,11.0,16.0,5.0,2.160246899469287,81.66666666666667,89.39999999999999,70.0,101.0,31.0,13.767917618708925,4.909999999999999e-07,4.909999999999999e-07,2.2e-08,9.6e-07,9.38e-07,4.689999999999999e-07,1154.8333333333333,819.9000000000001,317.5,1740.0,1422.5,607.4907863956091,109.44219333333336,65.67594799999999,0.02658,320.0,319.97342,148.92515979697572,542.15,347.21000000000004,54.8,1337.33,1282.53,567.0333804988908,122.5,122.5,25.0,220.0,195.0,97.5,78.0,78.0,78.0,78.0,0.0,0.0,2450.0,2450.0,2450.0,2450.0,0.0,0.0,27.0,27.0,27.0,27.0,0.0,0.0,19300.0,19300.0,19300.0,19300.0,0.0,0.0,0.8086053622181093,0.4928571428571428,0.54,1.4347826086956523,3.0,0.99,0.69,2.54,2.0,6.0,12.0,1,0.5800281004618343,1.0,1.0,0.0,0.0,0.0,0.0,14.303,0.0,,1,0,0,0,unexpectly_unstable,0.978
HoHgO3,Ho,Hg,cubic,-1.147,0.972,0,14.617,0.0,4.181,4.181,4.181,90.0,90.0,90.0,-1.034,wolverton_oxides,0,single_ABO3,51.66666666666666,34.2,8.0,80.0,72.0,31.329787033357817,127.17323999999998,82.70370399999999,15.9994,200.59,184.5906,79.94840094162736,2.223333333333333,2.71,1.23,3.44,2.21,0.9159451706055092,1.2833333333333334,1.0100000000000002,0.6,1.75,1.15,0.4938510796676351,4.666666666666667,3.6000000000000005,2.0,6.0,4.0,1.8856180831641267,10.333333333333334,12.6,3.0,16.0,13.0,5.436502143433364,66.0,80.0,23.0,101.0,78.0,32.341923257592455,8.869999999999999e-07,8.869999999999999e-07,8.14e-07,9.6e-07,1.4599999999999998e-07,7.299999999999999e-08,1494.8333333333333,1023.9,317.5,2760.0,2442.5,999.0787701121914,8.10886,4.875948,0.02658,16.0,15.97342,6.522521879293826,674.3733333333333,426.544,54.8,1734.0,1679.2,752.8449872022496,32.5,32.5,25.0,40.0,15.0,7.5,65.0,65.0,65.0,65.0,0.0,0.0,746.0,746.0,746.0,746.0,0.0,0.0,26.0,26.0,26.0,26.0,0.0,0.0,8795.0,8795.0,8795.0,8795.0,0.0,0.0,0.8644295817854684,0.4928571428571428,0.77,1.673913043478261,3.0,1.155,0.69,1.23,2.0,6.0,12.0,1,0.826717309085687,1.0,1.0,0.0,0.0,0.0,0.0,14.617,0.0,0.0,1,0,0,0,unexpectly_unstable,0.972
